1	170	0	1	pages	categories
1	171	0	1	pages	categories
1	172	0	1	pages	categories
1	173	0	1	pages	categories
1	174	0	1	pages	categories
1	175	0	1	pages	categories
1	176	0	1	pages	categories
1	177	0	1	pages	categories
1	178	0	1	pages	categories
1	179	0	1	pages	categories
1	180	0	1	pages	categories
1	181	0	1	pages	categories
1	182	0	1	pages	categories
1	183	0	1	pages	categories
1	184	0	1	pages	categories
1	185	0	1	pages	categories
1	186	0	1	pages	categories
1	187	0	1	pages	categories
1	188	0	1	pages	categories
1	189	0	1	pages	categories
1	190	0	1	pages	categories
1	191	0	1	pages	categories
1	192	0	1	pages	categories
1	193	0	1	pages	categories
1	194	0	1	pages	categories
