1	102	1741947233	1741945243	1	0	0	0	0	0	\N		0	0	0	0	0	lipsum	lipsum	42	lipsum	lipsum	lipsum	lipsum	lipsum	lipsum	2	2	lipsum	lipsum	lipsum	lipsum	lipsum	42	42	lipsum	lipsum	lipsum	1	<?xml version="1.0" encoding="utf-8" standalone="yes" ?>\
<T3FlexForms>\
    <data>\
        <sheet index="sDEF">\
            <language index="lDEF">\
                <field index="check_1">\
                    <value index="vDEF">0</value>\
                </field>\
                <field index="input_1">\
                    <value index="vDEF">lipsum</value>\
                </field>\
                <field index="input_2">\
                    <value index="vDEF">lipsum</value>\
                </field>\
                <field index="select_tree_1">\
                    <value index="vDEF">0</value>\
                </field>\
            </language>\
        </sheet>\
    </data>\
</T3FlexForms>	<?xml version="1.0" encoding="utf-8" standalone="yes" ?>\
<T3FlexForms>\
    <data>\
        <sheet index="sheet_1">\
            <language index="lDEF">\
                <field index="select_1">\
                    <value index="vDEF">1</value>\
                </field>\
                <field index="input_1">\
                    <value index="vDEF">lipsum</value>\
                </field>\
                <field index="input_2">\
                    <value index="vDEF">lipsum</value>\
                </field>\
                <field index="input_3">\
                    <value index="vDEF">lipsum</value>\
                </field>\
                <field index="input_4">\
                    <value index="vDEF">lipsum</value>\
                </field>\
            </language>\
        </sheet>\
        <sheet index="sheet_2">\
            <language index="lDEF">\
                <field index="select_1">\
                    <value index="vDEF">1</value>\
                </field>\
            </language>\
        </sheet>\
    </data>\
</T3FlexForms>	1	<?xml version="1.0" encoding="utf-8" standalone="yes" ?>\
<T3FlexForms>\
    <data>\
        <sheet index="sheet_1">\
            <language index="lDEF">\
                <field index="select_1">\
                    <value index="vDEF">1</value>\
                </field>\
                <field index="section_1">\
                    <el index="el">\
                        <section index="1">\
                            <itemType index="container_1">\
                                <el>\
                                    <field index="select_2">\
                                        <value index="vDEF">1</value>\
                                    </field>\
                                    <field index="input_1">\
                                        <value index="vDEF">lipsum</value>\
                                    </field>\
                                    <field index="input_2">\
                                        <value index="vDEF">lipsum</value>\
                                    </field>\
                                    <field index="input_3">\
                                        <value index="vDEF">lipsum</value>\
                                    </field>\
                                    <field index="input_4">\
                                        <value index="vDEF">lipsum</value>\
                                    </field>\
                                    <field index="input_5">\
                                        <value index="vDEF">lipsum</value>\
                                    </field>\
                                    <field index="input_6">\
                                        <value index="vDEF">lipsum</value>\
                                    </field>\
                                </el>\
                            </itemType>\
                        </section>\
                    </el>\
                </field>\
            </language>\
        </sheet>\
        <sheet index="sheet_2">\
            <language index="lDEF">\
                <field index="select_1">\
                    <value index="vDEF">1</value>\
                </field>\
            </language>\
        </sheet>\
    </data>\
</T3FlexForms>
2	102	1741947233	1741945243	1	0	256	6	0	1	\N		0	0	0	0	0	lipsum	lipsum	42	lipsum	lipsum	lipsum	lipsum	lipsum	lipsum	2	2	lipsum	lipsum	lipsum	lipsum	lipsum	42	42	lipsum	lipsum	lipsum	1	<?xml version="1.0" encoding="utf-8" standalone="yes" ?>\
<T3FlexForms>\
    <data>\
        <sheet index="sDEF">\
            <language index="lDEF">\
                <field index="check_1">\
                    <value index="vDEF">0</value>\
                </field>\
                <field index="input_1">\
                    <value index="vDEF">lipsum</value>\
                </field>\
                <field index="input_2">\
                    <value index="vDEF">lipsum</value>\
                </field>\
                <field index="select_tree_1">\
                    <value index="vDEF"></value>\
                </field>\
            </language>\
        </sheet>\
    </data>\
</T3FlexForms>	<?xml version="1.0" encoding="utf-8" standalone="yes" ?>\
<T3FlexForms>\
    <data>\
        <sheet index="sheet_1">\
            <language index="lDEF">\
                <field index="select_1">\
                    <value index="vDEF">1</value>\
                </field>\
                <field index="input_1">\
                    <value index="vDEF">lipsum</value>\
                </field>\
                <field index="input_2">\
                    <value index="vDEF">lipsum</value>\
                </field>\
                <field index="input_3">\
                    <value index="vDEF">lipsum</value>\
                </field>\
                <field index="input_4">\
                    <value index="vDEF">lipsum</value>\
                </field>\
            </language>\
        </sheet>\
        <sheet index="sheet_2">\
            <language index="lDEF">\
                <field index="select_1">\
                    <value index="vDEF">1</value>\
                </field>\
            </language>\
        </sheet>\
    </data>\
</T3FlexForms>	1	<?xml version="1.0" encoding="utf-8" standalone="yes" ?>\
<T3FlexForms>\
    <data>\
        <sheet index="sheet_1">\
            <language index="lDEF">\
                <field index="select_1">\
                    <value index="vDEF">1</value>\
                </field>\
                <field index="section_1">\
                    <el index="el">\
                        <section index="1">\
                            <itemType index="container_1">\
                                <el>\
                                    <field index="select_2">\
                                        <value index="vDEF">1</value>\
                                    </field>\
                                    <field index="input_1">\
                                        <value index="vDEF">lipsum</value>\
                                    </field>\
                                    <field index="input_2">\
                                        <value index="vDEF">lipsum</value>\
                                    </field>\
                                    <field index="input_3">\
                                        <value index="vDEF">lipsum</value>\
                                    </field>\
                                    <field index="input_4">\
                                        <value index="vDEF">lipsum</value>\
                                    </field>\
                                    <field index="input_5">\
                                        <value index="vDEF">lipsum</value>\
                                    </field>\
                                    <field index="input_6">\
                                        <value index="vDEF">lipsum</value>\
                                    </field>\
                                </el>\
                            </itemType>\
                        </section>\
                    </el>\
                </field>\
            </language>\
        </sheet>\
        <sheet index="sheet_2">\
            <language index="lDEF">\
                <field index="select_1">\
                    <value index="vDEF">1</value>\
                </field>\
            </language>\
        </sheet>\
    </data>\
</T3FlexForms>
3	102	1741947233	1741945243	1	0	128	7	1	1	\N	{"select_4":"1","hidden":"0","l10n_parent":"0","l10n_diffsource":"","sys_language_uid":"0","l10n_source":"0","select_1":"0","input_1":"lipsum","input_2":"lipsum","number_1":"42","input_4":"lipsum","input_5":"lipsum","input_6":"lipsum","input_7":"lipsum","input_8":"lipsum","input_9":"lipsum","select_2":"2","checkbox_1":"2","input_19":"lipsum","input_20":"lipsum","input_10":"lipsum","input_11":"lipsum","input_13":"lipsum","number_2":"42","number_3":"42","input_16":"lipsum","input_17":"lipsum","input_18":"lipsum","select_3":"1","flex_1":"<?xml version=\\"1.0\\" encoding=\\"utf-8\\" standalone=\\"yes\\" ?>\\n<T3FlexForms>\\n    <data>\\n        <sheet index=\\"sDEF\\">\\n            <language index=\\"lDEF\\">\\n                <field index=\\"check_1\\">\\n                    <value index=\\"vDEF\\">0<\\/value>\\n                <\\/field>\\n                <field index=\\"input_1\\">\\n                    <value index=\\"vDEF\\">lipsum<\\/value>\\n                <\\/field>\\n                <field index=\\"input_2\\">\\n                    <value index=\\"vDEF\\">lipsum<\\/value>\\n                <\\/field>\\n                <field index=\\"select_tree_1\\">\\n                    <value index=\\"vDEF\\">0<\\/value>\\n                <\\/field>\\n            <\\/language>\\n        <\\/sheet>\\n    <\\/data>\\n<\\/T3FlexForms>","flex_2":"<?xml version=\\"1.0\\" encoding=\\"utf-8\\" standalone=\\"yes\\" ?>\\n<T3FlexForms>\\n    <data>\\n        <sheet index=\\"sheet_1\\">\\n            <language index=\\"lDEF\\">\\n                <field index=\\"select_1\\">\\n                    <value index=\\"vDEF\\">1<\\/value>\\n                <\\/field>\\n                <field index=\\"input_1\\">\\n                    <value index=\\"vDEF\\">lipsum<\\/value>\\n                <\\/field>\\n                <field index=\\"input_2\\">\\n                    <value index=\\"vDEF\\">lipsum<\\/value>\\n                <\\/field>\\n                <field index=\\"input_3\\">\\n                    <value index=\\"vDEF\\">lipsum<\\/value>\\n                <\\/field>\\n                <field index=\\"input_4\\">\\n                    <value index=\\"vDEF\\">lipsum<\\/value>\\n                <\\/field>\\n            <\\/language>\\n        <\\/sheet>\\n        <sheet index=\\"sheet_2\\">\\n            <language index=\\"lDEF\\">\\n                <field index=\\"select_1\\">\\n                    <value index=\\"vDEF\\">1<\\/value>\\n                <\\/field>\\n            <\\/language>\\n        <\\/sheet>\\n    <\\/data>\\n<\\/T3FlexForms>","flex_3":"<?xml version=\\"1.0\\" encoding=\\"utf-8\\" standalone=\\"yes\\" ?>\\n<T3FlexForms>\\n    <data>\\n        <sheet index=\\"sheet_1\\">\\n            <language index=\\"lDEF\\">\\n                <field index=\\"select_1\\">\\n                    <value index=\\"vDEF\\">1<\\/value>\\n                <\\/field>\\n                <field index=\\"section_1\\">\\n                    <el index=\\"el\\">\\n                        <section index=\\"1\\">\\n                            <itemType index=\\"container_1\\">\\n                                <el>\\n                                    <field index=\\"select_2\\">\\n                                        <value index=\\"vDEF\\">1<\\/value>\\n                                    <\\/field>\\n                                    <field index=\\"input_1\\">\\n                                        <value index=\\"vDEF\\">lipsum<\\/value>\\n                                    <\\/field>\\n                                    <field index=\\"input_2\\">\\n                                        <value index=\\"vDEF\\">lipsum<\\/value>\\n                                    <\\/field>\\n                                    <field index=\\"input_3\\">\\n                                        <value index=\\"vDEF\\">lipsum<\\/value>\\n                                    <\\/field>\\n                                    <field index=\\"input_4\\">\\n                                        <value index=\\"vDEF\\">lipsum<\\/value>\\n                                    <\\/field>\\n                                    <field index=\\"input_5\\">\\n                                        <value index=\\"vDEF\\">lipsum<\\/value>\\n                                    <\\/field>\\n                                    <field index=\\"input_6\\">\\n                                        <value index=\\"vDEF\\">lipsum<\\/value>\\n                                    <\\/field>\\n                                <\\/el>\\n                            <\\/itemType>\\n                        <\\/section>\\n                    <\\/el>\\n                <\\/field>\\n            <\\/language>\\n        <\\/sheet>\\n        <sheet index=\\"sheet_2\\">\\n            <language index=\\"lDEF\\">\\n                <field index=\\"select_1\\">\\n                    <value index=\\"vDEF\\">1<\\/value>\\n                <\\/field>\\n            <\\/language>\\n        <\\/sheet>\\n    <\\/data>\\n<\\/T3FlexForms>"}	0	0	0	0	0	lipsum	lipsum	42	lipsum	lipsum	lipsum	lipsum	lipsum	lipsum	2	2	lipsum	lipsum	lipsum	lipsum	lipsum	42	42	lipsum	lipsum	lipsum	1	<?xml version="1.0" encoding="utf-8" standalone="yes" ?>\
<T3FlexForms>\
    <data>\
        <sheet index="sDEF">\
            <language index="lDEF">\
                <field index="check_1">\
                    <value index="vDEF">0</value>\
                </field>\
                <field index="input_1">\
                    <value index="vDEF">lipsum</value>\
                </field>\
                <field index="input_2">\
                    <value index="vDEF">lipsum</value>\
                </field>\
                <field index="select_tree_1">\
                    <value index="vDEF"></value>\
                </field>\
            </language>\
        </sheet>\
    </data>\
</T3FlexForms>	<?xml version="1.0" encoding="utf-8" standalone="yes" ?>\
<T3FlexForms>\
    <data>\
        <sheet index="sheet_1">\
            <language index="lDEF">\
                <field index="select_1">\
                    <value index="vDEF">1</value>\
                </field>\
                <field index="input_1">\
                    <value index="vDEF">lipsum</value>\
                </field>\
                <field index="input_2">\
                    <value index="vDEF">lipsum</value>\
                </field>\
                <field index="input_3">\
                    <value index="vDEF">lipsum</value>\
                </field>\
                <field index="input_4">\
                    <value index="vDEF">lipsum</value>\
                </field>\
            </language>\
        </sheet>\
        <sheet index="sheet_2">\
            <language index="lDEF">\
                <field index="select_1">\
                    <value index="vDEF">1</value>\
                </field>\
            </language>\
        </sheet>\
    </data>\
</T3FlexForms>	1	<?xml version="1.0" encoding="utf-8" standalone="yes" ?>\
<T3FlexForms>\
    <data>\
        <sheet index="sheet_1">\
            <language index="lDEF">\
                <field index="select_1">\
                    <value index="vDEF">1</value>\
                </field>\
                <field index="section_1">\
                    <el index="el">\
                        <section index="1">\
                            <itemType index="container_1">\
                                <el>\
                                    <field index="select_2">\
                                        <value index="vDEF">1</value>\
                                    </field>\
                                    <field index="input_1">\
                                        <value index="vDEF">lipsum</value>\
                                    </field>\
                                    <field index="input_2">\
                                        <value index="vDEF">lipsum</value>\
                                    </field>\
                                    <field index="input_3">\
                                        <value index="vDEF">lipsum</value>\
                                    </field>\
                                    <field index="input_4">\
                                        <value index="vDEF">lipsum</value>\
                                    </field>\
                                    <field index="input_5">\
                                        <value index="vDEF">lipsum</value>\
                                    </field>\
                                    <field index="input_6">\
                                        <value index="vDEF">lipsum</value>\
                                    </field>\
                                </el>\
                            </itemType>\
                        </section>\
                    </el>\
                </field>\
            </language>\
        </sheet>\
        <sheet index="sheet_2">\
            <language index="lDEF">\
                <field index="select_1">\
                    <value index="vDEF">1</value>\
                </field>\
            </language>\
        </sheet>\
    </data>\
</T3FlexForms>
4	102	1741947233	1741945243	1	0	192	8	1	3	\N	{"select_4":"1","hidden":"0","l10n_parent":"0","l10n_diffsource":"","sys_language_uid":"0","l10n_source":"0","select_1":"0","input_1":"lipsum","input_2":"lipsum","number_1":"42","input_4":"lipsum","input_5":"lipsum","input_6":"lipsum","input_7":"lipsum","input_8":"lipsum","input_9":"lipsum","select_2":"2","checkbox_1":"2","input_19":"lipsum","input_20":"lipsum","input_10":"lipsum","input_11":"lipsum","input_13":"lipsum","number_2":"42","number_3":"42","input_16":"lipsum","input_17":"lipsum","input_18":"lipsum","select_3":"1","flex_1":"<?xml version=\\"1.0\\" encoding=\\"utf-8\\" standalone=\\"yes\\" ?>\\n<T3FlexForms>\\n    <data>\\n        <sheet index=\\"sDEF\\">\\n            <language index=\\"lDEF\\">\\n                <field index=\\"check_1\\">\\n                    <value index=\\"vDEF\\">0<\\/value>\\n                <\\/field>\\n                <field index=\\"input_1\\">\\n                    <value index=\\"vDEF\\">lipsum<\\/value>\\n                <\\/field>\\n                <field index=\\"input_2\\">\\n                    <value index=\\"vDEF\\">lipsum<\\/value>\\n                <\\/field>\\n                <field index=\\"select_tree_1\\">\\n                    <value index=\\"vDEF\\">0<\\/value>\\n                <\\/field>\\n            <\\/language>\\n        <\\/sheet>\\n    <\\/data>\\n<\\/T3FlexForms>","flex_2":"<?xml version=\\"1.0\\" encoding=\\"utf-8\\" standalone=\\"yes\\" ?>\\n<T3FlexForms>\\n    <data>\\n        <sheet index=\\"sheet_1\\">\\n            <language index=\\"lDEF\\">\\n                <field index=\\"select_1\\">\\n                    <value index=\\"vDEF\\">1<\\/value>\\n                <\\/field>\\n                <field index=\\"input_1\\">\\n                    <value index=\\"vDEF\\">lipsum<\\/value>\\n                <\\/field>\\n                <field index=\\"input_2\\">\\n                    <value index=\\"vDEF\\">lipsum<\\/value>\\n                <\\/field>\\n                <field index=\\"input_3\\">\\n                    <value index=\\"vDEF\\">lipsum<\\/value>\\n                <\\/field>\\n                <field index=\\"input_4\\">\\n                    <value index=\\"vDEF\\">lipsum<\\/value>\\n                <\\/field>\\n            <\\/language>\\n        <\\/sheet>\\n        <sheet index=\\"sheet_2\\">\\n            <language index=\\"lDEF\\">\\n                <field index=\\"select_1\\">\\n                    <value index=\\"vDEF\\">1<\\/value>\\n                <\\/field>\\n            <\\/language>\\n        <\\/sheet>\\n    <\\/data>\\n<\\/T3FlexForms>","flex_3":"<?xml version=\\"1.0\\" encoding=\\"utf-8\\" standalone=\\"yes\\" ?>\\n<T3FlexForms>\\n    <data>\\n        <sheet index=\\"sheet_1\\">\\n            <language index=\\"lDEF\\">\\n                <field index=\\"select_1\\">\\n                    <value index=\\"vDEF\\">1<\\/value>\\n                <\\/field>\\n                <field index=\\"section_1\\">\\n                    <el index=\\"el\\">\\n                        <section index=\\"1\\">\\n                            <itemType index=\\"container_1\\">\\n                                <el>\\n                                    <field index=\\"select_2\\">\\n                                        <value index=\\"vDEF\\">1<\\/value>\\n                                    <\\/field>\\n                                    <field index=\\"input_1\\">\\n                                        <value index=\\"vDEF\\">lipsum<\\/value>\\n                                    <\\/field>\\n                                    <field index=\\"input_2\\">\\n                                        <value index=\\"vDEF\\">lipsum<\\/value>\\n                                    <\\/field>\\n                                    <field index=\\"input_3\\">\\n                                        <value index=\\"vDEF\\">lipsum<\\/value>\\n                                    <\\/field>\\n                                    <field index=\\"input_4\\">\\n                                        <value index=\\"vDEF\\">lipsum<\\/value>\\n                                    <\\/field>\\n                                    <field index=\\"input_5\\">\\n                                        <value index=\\"vDEF\\">lipsum<\\/value>\\n                                    <\\/field>\\n                                    <field index=\\"input_6\\">\\n                                        <value index=\\"vDEF\\">lipsum<\\/value>\\n                                    <\\/field>\\n                                <\\/el>\\n                            <\\/itemType>\\n                        <\\/section>\\n                    <\\/el>\\n                <\\/field>\\n            <\\/language>\\n        <\\/sheet>\\n        <sheet index=\\"sheet_2\\">\\n            <language index=\\"lDEF\\">\\n                <field index=\\"select_1\\">\\n                    <value index=\\"vDEF\\">1<\\/value>\\n                <\\/field>\\n            <\\/language>\\n        <\\/sheet>\\n    <\\/data>\\n<\\/T3FlexForms>"}	0	0	0	0	0	lipsum	lipsum	42	lipsum	lipsum	lipsum	lipsum	lipsum	lipsum	2	2	lipsum	lipsum	lipsum	lipsum	lipsum	42	42	lipsum	lipsum	lipsum	1	<?xml version="1.0" encoding="utf-8" standalone="yes" ?>\
<T3FlexForms>\
    <data>\
        <sheet index="sDEF">\
            <language index="lDEF">\
                <field index="check_1">\
                    <value index="vDEF">0</value>\
                </field>\
                <field index="input_1">\
                    <value index="vDEF">lipsum</value>\
                </field>\
                <field index="input_2">\
                    <value index="vDEF">lipsum</value>\
                </field>\
                <field index="select_tree_1">\
                    <value index="vDEF"></value>\
                </field>\
            </language>\
        </sheet>\
    </data>\
</T3FlexForms>	<?xml version="1.0" encoding="utf-8" standalone="yes" ?>\
<T3FlexForms>\
    <data>\
        <sheet index="sheet_1">\
            <language index="lDEF">\
                <field index="select_1">\
                    <value index="vDEF">1</value>\
                </field>\
                <field index="input_1">\
                    <value index="vDEF">lipsum</value>\
                </field>\
                <field index="input_2">\
                    <value index="vDEF">lipsum</value>\
                </field>\
                <field index="input_3">\
                    <value index="vDEF">lipsum</value>\
                </field>\
                <field index="input_4">\
                    <value index="vDEF">lipsum</value>\
                </field>\
            </language>\
        </sheet>\
        <sheet index="sheet_2">\
            <language index="lDEF">\
                <field index="select_1">\
                    <value index="vDEF">1</value>\
                </field>\
            </language>\
        </sheet>\
    </data>\
</T3FlexForms>	1	<?xml version="1.0" encoding="utf-8" standalone="yes" ?>\
<T3FlexForms>\
    <data>\
        <sheet index="sheet_1">\
            <language index="lDEF">\
                <field index="select_1">\
                    <value index="vDEF">1</value>\
                </field>\
                <field index="section_1">\
                    <el index="el">\
                        <section index="1">\
                            <itemType index="container_1">\
                                <el>\
                                    <field index="select_2">\
                                        <value index="vDEF">1</value>\
                                    </field>\
                                    <field index="input_1">\
                                        <value index="vDEF">lipsum</value>\
                                    </field>\
                                    <field index="input_2">\
                                        <value index="vDEF">lipsum</value>\
                                    </field>\
                                    <field index="input_3">\
                                        <value index="vDEF">lipsum</value>\
                                    </field>\
                                    <field index="input_4">\
                                        <value index="vDEF">lipsum</value>\
                                    </field>\
                                    <field index="input_5">\
                                        <value index="vDEF">lipsum</value>\
                                    </field>\
                                    <field index="input_6">\
                                        <value index="vDEF">lipsum</value>\
                                    </field>\
                                </el>\
                            </itemType>\
                        </section>\
                    </el>\
                </field>\
            </language>\
        </sheet>\
        <sheet index="sheet_2">\
            <language index="lDEF">\
                <field index="select_1">\
                    <value index="vDEF">1</value>\
                </field>\
            </language>\
        </sheet>\
    </data>\
</T3FlexForms>
5	102	1741947233	1741945243	1	0	224	9	0	4	\N	{"select_4":"1","hidden":"0","l10n_parent":"0","l10n_diffsource":"","sys_language_uid":"0","l10n_source":"0","select_1":"0","input_1":"lipsum","input_2":"lipsum","number_1":"42","input_4":"lipsum","input_5":"lipsum","input_6":"lipsum","input_7":"lipsum","input_8":"lipsum","input_9":"lipsum","select_2":"2","checkbox_1":"2","input_19":"lipsum","input_20":"lipsum","input_10":"lipsum","input_11":"lipsum","input_13":"lipsum","number_2":"42","number_3":"42","input_16":"lipsum","input_17":"lipsum","input_18":"lipsum","select_3":"1","flex_1":"<?xml version=\\"1.0\\" encoding=\\"utf-8\\" standalone=\\"yes\\" ?>\\n<T3FlexForms>\\n    <data>\\n        <sheet index=\\"sDEF\\">\\n            <language index=\\"lDEF\\">\\n                <field index=\\"check_1\\">\\n                    <value index=\\"vDEF\\">0<\\/value>\\n                <\\/field>\\n                <field index=\\"input_1\\">\\n                    <value index=\\"vDEF\\">lipsum<\\/value>\\n                <\\/field>\\n                <field index=\\"input_2\\">\\n                    <value index=\\"vDEF\\">lipsum<\\/value>\\n                <\\/field>\\n                <field index=\\"select_tree_1\\">\\n                    <value index=\\"vDEF\\">0<\\/value>\\n                <\\/field>\\n            <\\/language>\\n        <\\/sheet>\\n    <\\/data>\\n<\\/T3FlexForms>","flex_2":"<?xml version=\\"1.0\\" encoding=\\"utf-8\\" standalone=\\"yes\\" ?>\\n<T3FlexForms>\\n    <data>\\n        <sheet index=\\"sheet_1\\">\\n            <language index=\\"lDEF\\">\\n                <field index=\\"select_1\\">\\n                    <value index=\\"vDEF\\">1<\\/value>\\n                <\\/field>\\n                <field index=\\"input_1\\">\\n                    <value index=\\"vDEF\\">lipsum<\\/value>\\n                <\\/field>\\n                <field index=\\"input_2\\">\\n                    <value index=\\"vDEF\\">lipsum<\\/value>\\n                <\\/field>\\n                <field index=\\"input_3\\">\\n                    <value index=\\"vDEF\\">lipsum<\\/value>\\n                <\\/field>\\n                <field index=\\"input_4\\">\\n                    <value index=\\"vDEF\\">lipsum<\\/value>\\n                <\\/field>\\n            <\\/language>\\n        <\\/sheet>\\n        <sheet index=\\"sheet_2\\">\\n            <language index=\\"lDEF\\">\\n                <field index=\\"select_1\\">\\n                    <value index=\\"vDEF\\">1<\\/value>\\n                <\\/field>\\n            <\\/language>\\n        <\\/sheet>\\n    <\\/data>\\n<\\/T3FlexForms>","flex_3":"<?xml version=\\"1.0\\" encoding=\\"utf-8\\" standalone=\\"yes\\" ?>\\n<T3FlexForms>\\n    <data>\\n        <sheet index=\\"sheet_1\\">\\n            <language index=\\"lDEF\\">\\n                <field index=\\"select_1\\">\\n                    <value index=\\"vDEF\\">1<\\/value>\\n                <\\/field>\\n                <field index=\\"section_1\\">\\n                    <el index=\\"el\\">\\n                        <section index=\\"1\\">\\n                            <itemType index=\\"container_1\\">\\n                                <el>\\n                                    <field index=\\"select_2\\">\\n                                        <value index=\\"vDEF\\">1<\\/value>\\n                                    <\\/field>\\n                                    <field index=\\"input_1\\">\\n                                        <value index=\\"vDEF\\">lipsum<\\/value>\\n                                    <\\/field>\\n                                    <field index=\\"input_2\\">\\n                                        <value index=\\"vDEF\\">lipsum<\\/value>\\n                                    <\\/field>\\n                                    <field index=\\"input_3\\">\\n                                        <value index=\\"vDEF\\">lipsum<\\/value>\\n                                    <\\/field>\\n                                    <field index=\\"input_4\\">\\n                                        <value index=\\"vDEF\\">lipsum<\\/value>\\n                                    <\\/field>\\n                                    <field index=\\"input_5\\">\\n                                        <value index=\\"vDEF\\">lipsum<\\/value>\\n                                    <\\/field>\\n                                    <field index=\\"input_6\\">\\n                                        <value index=\\"vDEF\\">lipsum<\\/value>\\n                                    <\\/field>\\n                                <\\/el>\\n                            <\\/itemType>\\n                        <\\/section>\\n                    <\\/el>\\n                <\\/field>\\n            <\\/language>\\n        <\\/sheet>\\n        <sheet index=\\"sheet_2\\">\\n            <language index=\\"lDEF\\">\\n                <field index=\\"select_1\\">\\n                    <value index=\\"vDEF\\">1<\\/value>\\n                <\\/field>\\n            <\\/language>\\n        <\\/sheet>\\n    <\\/data>\\n<\\/T3FlexForms>"}	0	0	0	0	0	lipsum	lipsum	42	lipsum	lipsum	lipsum	lipsum	lipsum	lipsum	2	2	lipsum	lipsum	lipsum	lipsum	lipsum	42	42	lipsum	lipsum	lipsum	1	<?xml version="1.0" encoding="utf-8" standalone="yes" ?>\
<T3FlexForms>\
    <data>\
        <sheet index="sDEF">\
            <language index="lDEF">\
                <field index="check_1">\
                    <value index="vDEF">0</value>\
                </field>\
                <field index="input_1">\
                    <value index="vDEF">lipsum</value>\
                </field>\
                <field index="input_2">\
                    <value index="vDEF">lipsum</value>\
                </field>\
                <field index="select_tree_1">\
                    <value index="vDEF"></value>\
                </field>\
            </language>\
        </sheet>\
    </data>\
</T3FlexForms>	<?xml version="1.0" encoding="utf-8" standalone="yes" ?>\
<T3FlexForms>\
    <data>\
        <sheet index="sheet_1">\
            <language index="lDEF">\
                <field index="select_1">\
                    <value index="vDEF">1</value>\
                </field>\
                <field index="input_1">\
                    <value index="vDEF">lipsum</value>\
                </field>\
                <field index="input_2">\
                    <value index="vDEF">lipsum</value>\
                </field>\
                <field index="input_3">\
                    <value index="vDEF">lipsum</value>\
                </field>\
                <field index="input_4">\
                    <value index="vDEF">lipsum</value>\
                </field>\
            </language>\
        </sheet>\
        <sheet index="sheet_2">\
            <language index="lDEF">\
                <field index="select_1">\
                    <value index="vDEF">1</value>\
                </field>\
            </language>\
        </sheet>\
    </data>\
</T3FlexForms>	1	<?xml version="1.0" encoding="utf-8" standalone="yes" ?>\
<T3FlexForms>\
    <data>\
        <sheet index="sheet_1">\
            <language index="lDEF">\
                <field index="select_1">\
                    <value index="vDEF">1</value>\
                </field>\
                <field index="section_1">\
                    <el index="el">\
                        <section index="1">\
                            <itemType index="container_1">\
                                <el>\
                                    <field index="select_2">\
                                        <value index="vDEF">1</value>\
                                    </field>\
                                    <field index="input_1">\
                                        <value index="vDEF">lipsum</value>\
                                    </field>\
                                    <field index="input_2">\
                                        <value index="vDEF">lipsum</value>\
                                    </field>\
                                    <field index="input_3">\
                                        <value index="vDEF">lipsum</value>\
                                    </field>\
                                    <field index="input_4">\
                                        <value index="vDEF">lipsum</value>\
                                    </field>\
                                    <field index="input_5">\
                                        <value index="vDEF">lipsum</value>\
                                    </field>\
                                    <field index="input_6">\
                                        <value index="vDEF">lipsum</value>\
                                    </field>\
                                </el>\
                            </itemType>\
                        </section>\
                    </el>\
                </field>\
            </language>\
        </sheet>\
        <sheet index="sheet_2">\
            <language index="lDEF">\
                <field index="select_1">\
                    <value index="vDEF">1</value>\
                </field>\
            </language>\
        </sheet>\
    </data>\
</T3FlexForms>
6	293	1741947254	1741947254	0	0	0	0	0	0	\N		0	0	0	0	0	lipsum	lipsum	42	lipsum	lipsum	lipsum	lipsum	lipsum	lipsum	2	2	lipsum	lipsum	lipsum	lipsum	lipsum	42	42	lipsum	lipsum	lipsum	1	<?xml version="1.0" encoding="utf-8" standalone="yes" ?>\
<T3FlexForms>\
    <data>\
        <sheet index="sDEF">\
            <language index="lDEF">\
                <field index="check_1">\
                    <value index="vDEF">0</value>\
                </field>\
                <field index="input_1">\
                    <value index="vDEF">lipsum</value>\
                </field>\
                <field index="input_2">\
                    <value index="vDEF">lipsum</value>\
                </field>\
                <field index="select_tree_1">\
                    <value index="vDEF">0</value>\
                </field>\
            </language>\
        </sheet>\
    </data>\
</T3FlexForms>	<?xml version="1.0" encoding="utf-8" standalone="yes" ?>\
<T3FlexForms>\
    <data>\
        <sheet index="sheet_1">\
            <language index="lDEF">\
                <field index="select_1">\
                    <value index="vDEF">1</value>\
                </field>\
                <field index="input_1">\
                    <value index="vDEF">lipsum</value>\
                </field>\
                <field index="input_2">\
                    <value index="vDEF">lipsum</value>\
                </field>\
                <field index="input_3">\
                    <value index="vDEF">lipsum</value>\
                </field>\
                <field index="input_4">\
                    <value index="vDEF">lipsum</value>\
                </field>\
            </language>\
        </sheet>\
        <sheet index="sheet_2">\
            <language index="lDEF">\
                <field index="select_1">\
                    <value index="vDEF">1</value>\
                </field>\
            </language>\
        </sheet>\
    </data>\
</T3FlexForms>	1	<?xml version="1.0" encoding="utf-8" standalone="yes" ?>\
<T3FlexForms>\
    <data>\
        <sheet index="sheet_1">\
            <language index="lDEF">\
                <field index="select_1">\
                    <value index="vDEF">1</value>\
                </field>\
                <field index="section_1">\
                    <el index="el">\
                        <section index="1">\
                            <itemType index="container_1">\
                                <el>\
                                    <field index="select_2">\
                                        <value index="vDEF">1</value>\
                                    </field>\
                                    <field index="input_1">\
                                        <value index="vDEF">lipsum</value>\
                                    </field>\
                                    <field index="input_2">\
                                        <value index="vDEF">lipsum</value>\
                                    </field>\
                                    <field index="input_3">\
                                        <value index="vDEF">lipsum</value>\
                                    </field>\
                                    <field index="input_4">\
                                        <value index="vDEF">lipsum</value>\
                                    </field>\
                                    <field index="input_5">\
                                        <value index="vDEF">lipsum</value>\
                                    </field>\
                                    <field index="input_6">\
                                        <value index="vDEF">lipsum</value>\
                                    </field>\
                                </el>\
                            </itemType>\
                        </section>\
                    </el>\
                </field>\
            </language>\
        </sheet>\
        <sheet index="sheet_2">\
            <language index="lDEF">\
                <field index="select_1">\
                    <value index="vDEF">1</value>\
                </field>\
            </language>\
        </sheet>\
    </data>\
</T3FlexForms>
7	293	1741947254	1741947254	0	0	256	6	0	6	\N		0	0	0	0	0	lipsum	lipsum	42	lipsum	lipsum	lipsum	lipsum	lipsum	lipsum	2	2	lipsum	lipsum	lipsum	lipsum	lipsum	42	42	lipsum	lipsum	lipsum	1	<?xml version="1.0" encoding="utf-8" standalone="yes" ?>\
<T3FlexForms>\
    <data>\
        <sheet index="sDEF">\
            <language index="lDEF">\
                <field index="check_1">\
                    <value index="vDEF">0</value>\
                </field>\
                <field index="input_1">\
                    <value index="vDEF">lipsum</value>\
                </field>\
                <field index="input_2">\
                    <value index="vDEF">lipsum</value>\
                </field>\
                <field index="select_tree_1">\
                    <value index="vDEF"></value>\
                </field>\
            </language>\
        </sheet>\
    </data>\
</T3FlexForms>	<?xml version="1.0" encoding="utf-8" standalone="yes" ?>\
<T3FlexForms>\
    <data>\
        <sheet index="sheet_1">\
            <language index="lDEF">\
                <field index="select_1">\
                    <value index="vDEF">1</value>\
                </field>\
                <field index="input_1">\
                    <value index="vDEF">lipsum</value>\
                </field>\
                <field index="input_2">\
                    <value index="vDEF">lipsum</value>\
                </field>\
                <field index="input_3">\
                    <value index="vDEF">lipsum</value>\
                </field>\
                <field index="input_4">\
                    <value index="vDEF">lipsum</value>\
                </field>\
            </language>\
        </sheet>\
        <sheet index="sheet_2">\
            <language index="lDEF">\
                <field index="select_1">\
                    <value index="vDEF">1</value>\
                </field>\
            </language>\
        </sheet>\
    </data>\
</T3FlexForms>	1	<?xml version="1.0" encoding="utf-8" standalone="yes" ?>\
<T3FlexForms>\
    <data>\
        <sheet index="sheet_1">\
            <language index="lDEF">\
                <field index="select_1">\
                    <value index="vDEF">1</value>\
                </field>\
                <field index="section_1">\
                    <el index="el">\
                        <section index="1">\
                            <itemType index="container_1">\
                                <el>\
                                    <field index="select_2">\
                                        <value index="vDEF">1</value>\
                                    </field>\
                                    <field index="input_1">\
                                        <value index="vDEF">lipsum</value>\
                                    </field>\
                                    <field index="input_2">\
                                        <value index="vDEF">lipsum</value>\
                                    </field>\
                                    <field index="input_3">\
                                        <value index="vDEF">lipsum</value>\
                                    </field>\
                                    <field index="input_4">\
                                        <value index="vDEF">lipsum</value>\
                                    </field>\
                                    <field index="input_5">\
                                        <value index="vDEF">lipsum</value>\
                                    </field>\
                                    <field index="input_6">\
                                        <value index="vDEF">lipsum</value>\
                                    </field>\
                                </el>\
                            </itemType>\
                        </section>\
                    </el>\
                </field>\
            </language>\
        </sheet>\
        <sheet index="sheet_2">\
            <language index="lDEF">\
                <field index="select_1">\
                    <value index="vDEF">1</value>\
                </field>\
            </language>\
        </sheet>\
    </data>\
</T3FlexForms>
8	293	1741947254	1741947254	0	0	128	7	6	6	\N	{"select_4":"1","hidden":"0","l10n_parent":"0","l10n_diffsource":"","sys_language_uid":"0","l10n_source":"0","select_1":"0","input_1":"lipsum","input_2":"lipsum","number_1":"42","input_4":"lipsum","input_5":"lipsum","input_6":"lipsum","input_7":"lipsum","input_8":"lipsum","input_9":"lipsum","select_2":"2","checkbox_1":"2","input_19":"lipsum","input_20":"lipsum","input_10":"lipsum","input_11":"lipsum","input_13":"lipsum","number_2":"42","number_3":"42","input_16":"lipsum","input_17":"lipsum","input_18":"lipsum","select_3":"1","flex_1":"<?xml version=\\"1.0\\" encoding=\\"utf-8\\" standalone=\\"yes\\" ?>\\n<T3FlexForms>\\n    <data>\\n        <sheet index=\\"sDEF\\">\\n            <language index=\\"lDEF\\">\\n                <field index=\\"check_1\\">\\n                    <value index=\\"vDEF\\">0<\\/value>\\n                <\\/field>\\n                <field index=\\"input_1\\">\\n                    <value index=\\"vDEF\\">lipsum<\\/value>\\n                <\\/field>\\n                <field index=\\"input_2\\">\\n                    <value index=\\"vDEF\\">lipsum<\\/value>\\n                <\\/field>\\n                <field index=\\"select_tree_1\\">\\n                    <value index=\\"vDEF\\">0<\\/value>\\n                <\\/field>\\n            <\\/language>\\n        <\\/sheet>\\n    <\\/data>\\n<\\/T3FlexForms>","flex_2":"<?xml version=\\"1.0\\" encoding=\\"utf-8\\" standalone=\\"yes\\" ?>\\n<T3FlexForms>\\n    <data>\\n        <sheet index=\\"sheet_1\\">\\n            <language index=\\"lDEF\\">\\n                <field index=\\"select_1\\">\\n                    <value index=\\"vDEF\\">1<\\/value>\\n                <\\/field>\\n                <field index=\\"input_1\\">\\n                    <value index=\\"vDEF\\">lipsum<\\/value>\\n                <\\/field>\\n                <field index=\\"input_2\\">\\n                    <value index=\\"vDEF\\">lipsum<\\/value>\\n                <\\/field>\\n                <field index=\\"input_3\\">\\n                    <value index=\\"vDEF\\">lipsum<\\/value>\\n                <\\/field>\\n                <field index=\\"input_4\\">\\n                    <value index=\\"vDEF\\">lipsum<\\/value>\\n                <\\/field>\\n            <\\/language>\\n        <\\/sheet>\\n        <sheet index=\\"sheet_2\\">\\n            <language index=\\"lDEF\\">\\n                <field index=\\"select_1\\">\\n                    <value index=\\"vDEF\\">1<\\/value>\\n                <\\/field>\\n            <\\/language>\\n        <\\/sheet>\\n    <\\/data>\\n<\\/T3FlexForms>","flex_3":"<?xml version=\\"1.0\\" encoding=\\"utf-8\\" standalone=\\"yes\\" ?>\\n<T3FlexForms>\\n    <data>\\n        <sheet index=\\"sheet_1\\">\\n            <language index=\\"lDEF\\">\\n                <field index=\\"select_1\\">\\n                    <value index=\\"vDEF\\">1<\\/value>\\n                <\\/field>\\n                <field index=\\"section_1\\">\\n                    <el index=\\"el\\">\\n                        <section index=\\"1\\">\\n                            <itemType index=\\"container_1\\">\\n                                <el>\\n                                    <field index=\\"select_2\\">\\n                                        <value index=\\"vDEF\\">1<\\/value>\\n                                    <\\/field>\\n                                    <field index=\\"input_1\\">\\n                                        <value index=\\"vDEF\\">lipsum<\\/value>\\n                                    <\\/field>\\n                                    <field index=\\"input_2\\">\\n                                        <value index=\\"vDEF\\">lipsum<\\/value>\\n                                    <\\/field>\\n                                    <field index=\\"input_3\\">\\n                                        <value index=\\"vDEF\\">lipsum<\\/value>\\n                                    <\\/field>\\n                                    <field index=\\"input_4\\">\\n                                        <value index=\\"vDEF\\">lipsum<\\/value>\\n                                    <\\/field>\\n                                    <field index=\\"input_5\\">\\n                                        <value index=\\"vDEF\\">lipsum<\\/value>\\n                                    <\\/field>\\n                                    <field index=\\"input_6\\">\\n                                        <value index=\\"vDEF\\">lipsum<\\/value>\\n                                    <\\/field>\\n                                <\\/el>\\n                            <\\/itemType>\\n                        <\\/section>\\n                    <\\/el>\\n                <\\/field>\\n            <\\/language>\\n        <\\/sheet>\\n        <sheet index=\\"sheet_2\\">\\n            <language index=\\"lDEF\\">\\n                <field index=\\"select_1\\">\\n                    <value index=\\"vDEF\\">1<\\/value>\\n                <\\/field>\\n            <\\/language>\\n        <\\/sheet>\\n    <\\/data>\\n<\\/T3FlexForms>"}	0	0	0	0	0	lipsum	lipsum	42	lipsum	lipsum	lipsum	lipsum	lipsum	lipsum	2	2	lipsum	lipsum	lipsum	lipsum	lipsum	42	42	lipsum	lipsum	lipsum	1	<?xml version="1.0" encoding="utf-8" standalone="yes" ?>\
<T3FlexForms>\
    <data>\
        <sheet index="sDEF">\
            <language index="lDEF">\
                <field index="check_1">\
                    <value index="vDEF">0</value>\
                </field>\
                <field index="input_1">\
                    <value index="vDEF">lipsum</value>\
                </field>\
                <field index="input_2">\
                    <value index="vDEF">lipsum</value>\
                </field>\
                <field index="select_tree_1">\
                    <value index="vDEF"></value>\
                </field>\
            </language>\
        </sheet>\
    </data>\
</T3FlexForms>	<?xml version="1.0" encoding="utf-8" standalone="yes" ?>\
<T3FlexForms>\
    <data>\
        <sheet index="sheet_1">\
            <language index="lDEF">\
                <field index="select_1">\
                    <value index="vDEF">1</value>\
                </field>\
                <field index="input_1">\
                    <value index="vDEF">lipsum</value>\
                </field>\
                <field index="input_2">\
                    <value index="vDEF">lipsum</value>\
                </field>\
                <field index="input_3">\
                    <value index="vDEF">lipsum</value>\
                </field>\
                <field index="input_4">\
                    <value index="vDEF">lipsum</value>\
                </field>\
            </language>\
        </sheet>\
        <sheet index="sheet_2">\
            <language index="lDEF">\
                <field index="select_1">\
                    <value index="vDEF">1</value>\
                </field>\
            </language>\
        </sheet>\
    </data>\
</T3FlexForms>	1	<?xml version="1.0" encoding="utf-8" standalone="yes" ?>\
<T3FlexForms>\
    <data>\
        <sheet index="sheet_1">\
            <language index="lDEF">\
                <field index="select_1">\
                    <value index="vDEF">1</value>\
                </field>\
                <field index="section_1">\
                    <el index="el">\
                        <section index="1">\
                            <itemType index="container_1">\
                                <el>\
                                    <field index="select_2">\
                                        <value index="vDEF">1</value>\
                                    </field>\
                                    <field index="input_1">\
                                        <value index="vDEF">lipsum</value>\
                                    </field>\
                                    <field index="input_2">\
                                        <value index="vDEF">lipsum</value>\
                                    </field>\
                                    <field index="input_3">\
                                        <value index="vDEF">lipsum</value>\
                                    </field>\
                                    <field index="input_4">\
                                        <value index="vDEF">lipsum</value>\
                                    </field>\
                                    <field index="input_5">\
                                        <value index="vDEF">lipsum</value>\
                                    </field>\
                                    <field index="input_6">\
                                        <value index="vDEF">lipsum</value>\
                                    </field>\
                                </el>\
                            </itemType>\
                        </section>\
                    </el>\
                </field>\
            </language>\
        </sheet>\
        <sheet index="sheet_2">\
            <language index="lDEF">\
                <field index="select_1">\
                    <value index="vDEF">1</value>\
                </field>\
            </language>\
        </sheet>\
    </data>\
</T3FlexForms>
9	293	1741947254	1741947254	0	0	192	8	6	8	\N	{"select_4":"1","hidden":"0","l10n_parent":"0","l10n_diffsource":"","sys_language_uid":"0","l10n_source":"0","select_1":"0","input_1":"lipsum","input_2":"lipsum","number_1":"42","input_4":"lipsum","input_5":"lipsum","input_6":"lipsum","input_7":"lipsum","input_8":"lipsum","input_9":"lipsum","select_2":"2","checkbox_1":"2","input_19":"lipsum","input_20":"lipsum","input_10":"lipsum","input_11":"lipsum","input_13":"lipsum","number_2":"42","number_3":"42","input_16":"lipsum","input_17":"lipsum","input_18":"lipsum","select_3":"1","flex_1":"<?xml version=\\"1.0\\" encoding=\\"utf-8\\" standalone=\\"yes\\" ?>\\n<T3FlexForms>\\n    <data>\\n        <sheet index=\\"sDEF\\">\\n            <language index=\\"lDEF\\">\\n                <field index=\\"check_1\\">\\n                    <value index=\\"vDEF\\">0<\\/value>\\n                <\\/field>\\n                <field index=\\"input_1\\">\\n                    <value index=\\"vDEF\\">lipsum<\\/value>\\n                <\\/field>\\n                <field index=\\"input_2\\">\\n                    <value index=\\"vDEF\\">lipsum<\\/value>\\n                <\\/field>\\n                <field index=\\"select_tree_1\\">\\n                    <value index=\\"vDEF\\">0<\\/value>\\n                <\\/field>\\n            <\\/language>\\n        <\\/sheet>\\n    <\\/data>\\n<\\/T3FlexForms>","flex_2":"<?xml version=\\"1.0\\" encoding=\\"utf-8\\" standalone=\\"yes\\" ?>\\n<T3FlexForms>\\n    <data>\\n        <sheet index=\\"sheet_1\\">\\n            <language index=\\"lDEF\\">\\n                <field index=\\"select_1\\">\\n                    <value index=\\"vDEF\\">1<\\/value>\\n                <\\/field>\\n                <field index=\\"input_1\\">\\n                    <value index=\\"vDEF\\">lipsum<\\/value>\\n                <\\/field>\\n                <field index=\\"input_2\\">\\n                    <value index=\\"vDEF\\">lipsum<\\/value>\\n                <\\/field>\\n                <field index=\\"input_3\\">\\n                    <value index=\\"vDEF\\">lipsum<\\/value>\\n                <\\/field>\\n                <field index=\\"input_4\\">\\n                    <value index=\\"vDEF\\">lipsum<\\/value>\\n                <\\/field>\\n            <\\/language>\\n        <\\/sheet>\\n        <sheet index=\\"sheet_2\\">\\n            <language index=\\"lDEF\\">\\n                <field index=\\"select_1\\">\\n                    <value index=\\"vDEF\\">1<\\/value>\\n                <\\/field>\\n            <\\/language>\\n        <\\/sheet>\\n    <\\/data>\\n<\\/T3FlexForms>","flex_3":"<?xml version=\\"1.0\\" encoding=\\"utf-8\\" standalone=\\"yes\\" ?>\\n<T3FlexForms>\\n    <data>\\n        <sheet index=\\"sheet_1\\">\\n            <language index=\\"lDEF\\">\\n                <field index=\\"select_1\\">\\n                    <value index=\\"vDEF\\">1<\\/value>\\n                <\\/field>\\n                <field index=\\"section_1\\">\\n                    <el index=\\"el\\">\\n                        <section index=\\"1\\">\\n                            <itemType index=\\"container_1\\">\\n                                <el>\\n                                    <field index=\\"select_2\\">\\n                                        <value index=\\"vDEF\\">1<\\/value>\\n                                    <\\/field>\\n                                    <field index=\\"input_1\\">\\n                                        <value index=\\"vDEF\\">lipsum<\\/value>\\n                                    <\\/field>\\n                                    <field index=\\"input_2\\">\\n                                        <value index=\\"vDEF\\">lipsum<\\/value>\\n                                    <\\/field>\\n                                    <field index=\\"input_3\\">\\n                                        <value index=\\"vDEF\\">lipsum<\\/value>\\n                                    <\\/field>\\n                                    <field index=\\"input_4\\">\\n                                        <value index=\\"vDEF\\">lipsum<\\/value>\\n                                    <\\/field>\\n                                    <field index=\\"input_5\\">\\n                                        <value index=\\"vDEF\\">lipsum<\\/value>\\n                                    <\\/field>\\n                                    <field index=\\"input_6\\">\\n                                        <value index=\\"vDEF\\">lipsum<\\/value>\\n                                    <\\/field>\\n                                <\\/el>\\n                            <\\/itemType>\\n                        <\\/section>\\n                    <\\/el>\\n                <\\/field>\\n            <\\/language>\\n        <\\/sheet>\\n        <sheet index=\\"sheet_2\\">\\n            <language index=\\"lDEF\\">\\n                <field index=\\"select_1\\">\\n                    <value index=\\"vDEF\\">1<\\/value>\\n                <\\/field>\\n            <\\/language>\\n        <\\/sheet>\\n    <\\/data>\\n<\\/T3FlexForms>"}	0	0	0	0	0	lipsum	lipsum	42	lipsum	lipsum	lipsum	lipsum	lipsum	lipsum	2	2	lipsum	lipsum	lipsum	lipsum	lipsum	42	42	lipsum	lipsum	lipsum	1	<?xml version="1.0" encoding="utf-8" standalone="yes" ?>\
<T3FlexForms>\
    <data>\
        <sheet index="sDEF">\
            <language index="lDEF">\
                <field index="check_1">\
                    <value index="vDEF">0</value>\
                </field>\
                <field index="input_1">\
                    <value index="vDEF">lipsum</value>\
                </field>\
                <field index="input_2">\
                    <value index="vDEF">lipsum</value>\
                </field>\
                <field index="select_tree_1">\
                    <value index="vDEF"></value>\
                </field>\
            </language>\
        </sheet>\
    </data>\
</T3FlexForms>	<?xml version="1.0" encoding="utf-8" standalone="yes" ?>\
<T3FlexForms>\
    <data>\
        <sheet index="sheet_1">\
            <language index="lDEF">\
                <field index="select_1">\
                    <value index="vDEF">1</value>\
                </field>\
                <field index="input_1">\
                    <value index="vDEF">lipsum</value>\
                </field>\
                <field index="input_2">\
                    <value index="vDEF">lipsum</value>\
                </field>\
                <field index="input_3">\
                    <value index="vDEF">lipsum</value>\
                </field>\
                <field index="input_4">\
                    <value index="vDEF">lipsum</value>\
                </field>\
            </language>\
        </sheet>\
        <sheet index="sheet_2">\
            <language index="lDEF">\
                <field index="select_1">\
                    <value index="vDEF">1</value>\
                </field>\
            </language>\
        </sheet>\
    </data>\
</T3FlexForms>	1	<?xml version="1.0" encoding="utf-8" standalone="yes" ?>\
<T3FlexForms>\
    <data>\
        <sheet index="sheet_1">\
            <language index="lDEF">\
                <field index="select_1">\
                    <value index="vDEF">1</value>\
                </field>\
                <field index="section_1">\
                    <el index="el">\
                        <section index="1">\
                            <itemType index="container_1">\
                                <el>\
                                    <field index="select_2">\
                                        <value index="vDEF">1</value>\
                                    </field>\
                                    <field index="input_1">\
                                        <value index="vDEF">lipsum</value>\
                                    </field>\
                                    <field index="input_2">\
                                        <value index="vDEF">lipsum</value>\
                                    </field>\
                                    <field index="input_3">\
                                        <value index="vDEF">lipsum</value>\
                                    </field>\
                                    <field index="input_4">\
                                        <value index="vDEF">lipsum</value>\
                                    </field>\
                                    <field index="input_5">\
                                        <value index="vDEF">lipsum</value>\
                                    </field>\
                                    <field index="input_6">\
                                        <value index="vDEF">lipsum</value>\
                                    </field>\
                                </el>\
                            </itemType>\
                        </section>\
                    </el>\
                </field>\
            </language>\
        </sheet>\
        <sheet index="sheet_2">\
            <language index="lDEF">\
                <field index="select_1">\
                    <value index="vDEF">1</value>\
                </field>\
            </language>\
        </sheet>\
    </data>\
</T3FlexForms>
10	293	1741947254	1741947254	0	0	224	9	0	9	\N	{"select_4":"1","hidden":"0","l10n_parent":"0","l10n_diffsource":"","sys_language_uid":"0","l10n_source":"0","select_1":"0","input_1":"lipsum","input_2":"lipsum","number_1":"42","input_4":"lipsum","input_5":"lipsum","input_6":"lipsum","input_7":"lipsum","input_8":"lipsum","input_9":"lipsum","select_2":"2","checkbox_1":"2","input_19":"lipsum","input_20":"lipsum","input_10":"lipsum","input_11":"lipsum","input_13":"lipsum","number_2":"42","number_3":"42","input_16":"lipsum","input_17":"lipsum","input_18":"lipsum","select_3":"1","flex_1":"<?xml version=\\"1.0\\" encoding=\\"utf-8\\" standalone=\\"yes\\" ?>\\n<T3FlexForms>\\n    <data>\\n        <sheet index=\\"sDEF\\">\\n            <language index=\\"lDEF\\">\\n                <field index=\\"check_1\\">\\n                    <value index=\\"vDEF\\">0<\\/value>\\n                <\\/field>\\n                <field index=\\"input_1\\">\\n                    <value index=\\"vDEF\\">lipsum<\\/value>\\n                <\\/field>\\n                <field index=\\"input_2\\">\\n                    <value index=\\"vDEF\\">lipsum<\\/value>\\n                <\\/field>\\n                <field index=\\"select_tree_1\\">\\n                    <value index=\\"vDEF\\">0<\\/value>\\n                <\\/field>\\n            <\\/language>\\n        <\\/sheet>\\n    <\\/data>\\n<\\/T3FlexForms>","flex_2":"<?xml version=\\"1.0\\" encoding=\\"utf-8\\" standalone=\\"yes\\" ?>\\n<T3FlexForms>\\n    <data>\\n        <sheet index=\\"sheet_1\\">\\n            <language index=\\"lDEF\\">\\n                <field index=\\"select_1\\">\\n                    <value index=\\"vDEF\\">1<\\/value>\\n                <\\/field>\\n                <field index=\\"input_1\\">\\n                    <value index=\\"vDEF\\">lipsum<\\/value>\\n                <\\/field>\\n                <field index=\\"input_2\\">\\n                    <value index=\\"vDEF\\">lipsum<\\/value>\\n                <\\/field>\\n                <field index=\\"input_3\\">\\n                    <value index=\\"vDEF\\">lipsum<\\/value>\\n                <\\/field>\\n                <field index=\\"input_4\\">\\n                    <value index=\\"vDEF\\">lipsum<\\/value>\\n                <\\/field>\\n            <\\/language>\\n        <\\/sheet>\\n        <sheet index=\\"sheet_2\\">\\n            <language index=\\"lDEF\\">\\n                <field index=\\"select_1\\">\\n                    <value index=\\"vDEF\\">1<\\/value>\\n                <\\/field>\\n            <\\/language>\\n        <\\/sheet>\\n    <\\/data>\\n<\\/T3FlexForms>","flex_3":"<?xml version=\\"1.0\\" encoding=\\"utf-8\\" standalone=\\"yes\\" ?>\\n<T3FlexForms>\\n    <data>\\n        <sheet index=\\"sheet_1\\">\\n            <language index=\\"lDEF\\">\\n                <field index=\\"select_1\\">\\n                    <value index=\\"vDEF\\">1<\\/value>\\n                <\\/field>\\n                <field index=\\"section_1\\">\\n                    <el index=\\"el\\">\\n                        <section index=\\"1\\">\\n                            <itemType index=\\"container_1\\">\\n                                <el>\\n                                    <field index=\\"select_2\\">\\n                                        <value index=\\"vDEF\\">1<\\/value>\\n                                    <\\/field>\\n                                    <field index=\\"input_1\\">\\n                                        <value index=\\"vDEF\\">lipsum<\\/value>\\n                                    <\\/field>\\n                                    <field index=\\"input_2\\">\\n                                        <value index=\\"vDEF\\">lipsum<\\/value>\\n                                    <\\/field>\\n                                    <field index=\\"input_3\\">\\n                                        <value index=\\"vDEF\\">lipsum<\\/value>\\n                                    <\\/field>\\n                                    <field index=\\"input_4\\">\\n                                        <value index=\\"vDEF\\">lipsum<\\/value>\\n                                    <\\/field>\\n                                    <field index=\\"input_5\\">\\n                                        <value index=\\"vDEF\\">lipsum<\\/value>\\n                                    <\\/field>\\n                                    <field index=\\"input_6\\">\\n                                        <value index=\\"vDEF\\">lipsum<\\/value>\\n                                    <\\/field>\\n                                <\\/el>\\n                            <\\/itemType>\\n                        <\\/section>\\n                    <\\/el>\\n                <\\/field>\\n            <\\/language>\\n        <\\/sheet>\\n        <sheet index=\\"sheet_2\\">\\n            <language index=\\"lDEF\\">\\n                <field index=\\"select_1\\">\\n                    <value index=\\"vDEF\\">1<\\/value>\\n                <\\/field>\\n            <\\/language>\\n        <\\/sheet>\\n    <\\/data>\\n<\\/T3FlexForms>"}	0	0	0	0	0	lipsum	lipsum	42	lipsum	lipsum	lipsum	lipsum	lipsum	lipsum	2	2	lipsum	lipsum	lipsum	lipsum	lipsum	42	42	lipsum	lipsum	lipsum	1	<?xml version="1.0" encoding="utf-8" standalone="yes" ?>\
<T3FlexForms>\
    <data>\
        <sheet index="sDEF">\
            <language index="lDEF">\
                <field index="check_1">\
                    <value index="vDEF">0</value>\
                </field>\
                <field index="input_1">\
                    <value index="vDEF">lipsum</value>\
                </field>\
                <field index="input_2">\
                    <value index="vDEF">lipsum</value>\
                </field>\
                <field index="select_tree_1">\
                    <value index="vDEF"></value>\
                </field>\
            </language>\
        </sheet>\
    </data>\
</T3FlexForms>	<?xml version="1.0" encoding="utf-8" standalone="yes" ?>\
<T3FlexForms>\
    <data>\
        <sheet index="sheet_1">\
            <language index="lDEF">\
                <field index="select_1">\
                    <value index="vDEF">1</value>\
                </field>\
                <field index="input_1">\
                    <value index="vDEF">lipsum</value>\
                </field>\
                <field index="input_2">\
                    <value index="vDEF">lipsum</value>\
                </field>\
                <field index="input_3">\
                    <value index="vDEF">lipsum</value>\
                </field>\
                <field index="input_4">\
                    <value index="vDEF">lipsum</value>\
                </field>\
            </language>\
        </sheet>\
        <sheet index="sheet_2">\
            <language index="lDEF">\
                <field index="select_1">\
                    <value index="vDEF">1</value>\
                </field>\
            </language>\
        </sheet>\
    </data>\
</T3FlexForms>	1	<?xml version="1.0" encoding="utf-8" standalone="yes" ?>\
<T3FlexForms>\
    <data>\
        <sheet index="sheet_1">\
            <language index="lDEF">\
                <field index="select_1">\
                    <value index="vDEF">1</value>\
                </field>\
                <field index="section_1">\
                    <el index="el">\
                        <section index="1">\
                            <itemType index="container_1">\
                                <el>\
                                    <field index="select_2">\
                                        <value index="vDEF">1</value>\
                                    </field>\
                                    <field index="input_1">\
                                        <value index="vDEF">lipsum</value>\
                                    </field>\
                                    <field index="input_2">\
                                        <value index="vDEF">lipsum</value>\
                                    </field>\
                                    <field index="input_3">\
                                        <value index="vDEF">lipsum</value>\
                                    </field>\
                                    <field index="input_4">\
                                        <value index="vDEF">lipsum</value>\
                                    </field>\
                                    <field index="input_5">\
                                        <value index="vDEF">lipsum</value>\
                                    </field>\
                                    <field index="input_6">\
                                        <value index="vDEF">lipsum</value>\
                                    </field>\
                                </el>\
                            </itemType>\
                        </section>\
                    </el>\
                </field>\
            </language>\
        </sheet>\
        <sheet index="sheet_2">\
            <language index="lDEF">\
                <field index="select_1">\
                    <value index="vDEF">1</value>\
                </field>\
            </language>\
        </sheet>\
    </data>\
</T3FlexForms>
