1	142	1741947233	1741945243	1	0	0	0	0	0	\N		0	0	0	0	Bacon ipsum dolor sit <strong>strong amet capicola</strong> jerky pork chop rump shoulder shank. Shankle strip <a href="#">steak pig salami link</a>. Leberkas shoulder ham hock cow salami bacon <em>em pork pork</em> chop, jerky pork belly drumstick ham. Tri-tip strip steak sirloin prosciutto pastrami. Corned beef venison tenderloin, biltong meatball pork tongue short ribs jowl cow hamburger strip steak. Doner turducken jerky short loin chuck filet mignon.	1	Bacon ipsum dolor sit <strong>strong amet capicola</strong> jerky pork chop rump shoulder shank. Shankle strip <a href="#">steak pig salami link</a>. Leberkas shoulder ham hock cow salami bacon <em>em pork pork</em> chop, jerky pork belly drumstick ham. Tri-tip strip steak sirloin prosciutto pastrami. Corned beef venison tenderloin, biltong meatball pork tongue short ribs jowl cow hamburger strip steak. Doner turducken jerky short loin chuck filet mignon.	1	<?xml version="1.0" encoding="utf-8" standalone="yes" ?>\
<T3FlexForms>\
    <data>\
        <sheet index="sGeneral">\
            <language index="lDEF">\
                <field index="t3editor_1">\
                    <value index="vDEF">Bacon ipsum dolor sit &lt;strong&gt;strong amet capicola&lt;/strong&gt; jerky pork chop rump shoulder shank. Shankle strip &lt;a href=&quot;#&quot;&gt;steak pig salami link&lt;/a&gt;. Leberkas shoulder ham hock cow salami bacon &lt;em&gt;em pork pork&lt;/em&gt; chop, jerky pork belly drumstick ham. Tri-tip strip steak sirloin prosciutto pastrami. Corned beef venison tenderloin, biltong meatball pork tongue short ribs jowl cow hamburger strip steak. Doner turducken jerky short loin chuck filet mignon.</value>\
                </field>\
            </language>\
        </sheet>\
        <sheet index="sSection">\
            <language index="lDEF">\
                <field index="section_1">\
                    <el index="el">\
                        <section index="1">\
                            <itemType index="container_1">\
                                <el>\
                                    <field index="t3editor_1">\
                                        <value index="vDEF">Bacon ipsum dolor sit &lt;strong&gt;strong amet capicola&lt;/strong&gt; jerky pork chop rump shoulder shank. Shankle strip &lt;a href=&quot;#&quot;&gt;steak pig salami link&lt;/a&gt;. Leberkas shoulder ham hock cow salami bacon &lt;em&gt;em pork pork&lt;/em&gt; chop, jerky pork belly drumstick ham. Tri-tip strip steak sirloin prosciutto pastrami. Corned beef venison tenderloin, biltong meatball pork tongue short ribs jowl cow hamburger strip steak. Doner turducken jerky short loin chuck filet mignon.</value>\
                                    </field>\
                                </el>\
                            </itemType>\
                        </section>\
                    </el>\
                </field>\
            </language>\
        </sheet>\
        <sheet index="sInline">\
            <language index="lDEF">\
                <field index="inline_1">\
                    <value index="vDEF">1</value>\
                </field>\
            </language>\
        </sheet>\
    </data>\
</T3FlexForms>	\N
2	142	1741947233	1741945243	1	0	256	6	0	1	\N		0	0	0	0	Bacon ipsum dolor sit <strong>strong amet capicola</strong> jerky pork chop rump shoulder shank. Shankle strip <a href="#">steak pig salami link</a>. Leberkas shoulder ham hock cow salami bacon <em>em pork pork</em> chop, jerky pork belly drumstick ham. Tri-tip strip steak sirloin prosciutto pastrami. Corned beef venison tenderloin, biltong meatball pork tongue short ribs jowl cow hamburger strip steak. Doner turducken jerky short loin chuck filet mignon.	1	Bacon ipsum dolor sit <strong>strong amet capicola</strong> jerky pork chop rump shoulder shank. Shankle strip <a href="#">steak pig salami link</a>. Leberkas shoulder ham hock cow salami bacon <em>em pork pork</em> chop, jerky pork belly drumstick ham. Tri-tip strip steak sirloin prosciutto pastrami. Corned beef venison tenderloin, biltong meatball pork tongue short ribs jowl cow hamburger strip steak. Doner turducken jerky short loin chuck filet mignon.	1	<?xml version="1.0" encoding="utf-8" standalone="yes" ?>\
<T3FlexForms>\
    <data>\
        <sheet index="sGeneral">\
            <language index="lDEF">\
                <field index="t3editor_1">\
                    <value index="vDEF">Bacon ipsum dolor sit &lt;strong&gt;strong amet capicola&lt;/strong&gt; jerky pork chop rump shoulder shank. Shankle strip &lt;a href=&quot;#&quot;&gt;steak pig salami link&lt;/a&gt;. Leberkas shoulder ham hock cow salami bacon &lt;em&gt;em pork pork&lt;/em&gt; chop, jerky pork belly drumstick ham. Tri-tip strip steak sirloin prosciutto pastrami. Corned beef venison tenderloin, biltong meatball pork tongue short ribs jowl cow hamburger strip steak. Doner turducken jerky short loin chuck filet mignon.</value>\
                </field>\
            </language>\
        </sheet>\
        <sheet index="sSection">\
            <language index="lDEF">\
                <field index="section_1">\
                    <el index="el">\
                        <section index="1">\
                            <itemType index="container_1">\
                                <el>\
                                    <field index="t3editor_1">\
                                        <value index="vDEF">Bacon ipsum dolor sit &lt;strong&gt;strong amet capicola&lt;/strong&gt; jerky pork chop rump shoulder shank. Shankle strip &lt;a href=&quot;#&quot;&gt;steak pig salami link&lt;/a&gt;. Leberkas shoulder ham hock cow salami bacon &lt;em&gt;em pork pork&lt;/em&gt; chop, jerky pork belly drumstick ham. Tri-tip strip steak sirloin prosciutto pastrami. Corned beef venison tenderloin, biltong meatball pork tongue short ribs jowl cow hamburger strip steak. Doner turducken jerky short loin chuck filet mignon.</value>\
                                    </field>\
                                </el>\
                            </itemType>\
                        </section>\
                    </el>\
                </field>\
            </language>\
        </sheet>\
        <sheet index="sInline">\
            <language index="lDEF">\
                <field index="inline_1">\
                    <value index="vDEF">1</value>\
                </field>\
            </language>\
        </sheet>\
    </data>\
</T3FlexForms>	\N
3	142	1741947233	1741945243	1	0	128	7	1	1	\N	{"hidden":"0","l10n_parent":"0","l10n_diffsource":"","sys_language_uid":"0","l10n_source":"0","t3editor_1":"Bacon ipsum dolor sit <strong>strong amet capicola<\\/strong> jerky pork chop rump shoulder shank. Shankle strip <a href=\\"#\\">steak pig salami link<\\/a>. Leberkas shoulder ham hock cow salami bacon <em>em pork pork<\\/em> chop, jerky pork belly drumstick ham. Tri-tip strip steak sirloin prosciutto pastrami. Corned beef venison tenderloin, biltong meatball pork tongue short ribs jowl cow hamburger strip steak. Doner turducken jerky short loin chuck filet mignon.","t3editor_reload_1":"1","t3editor_2":"Bacon ipsum dolor sit <strong>strong amet capicola<\\/strong> jerky pork chop rump shoulder shank. Shankle strip <a href=\\"#\\">steak pig salami link<\\/a>. Leberkas shoulder ham hock cow salami bacon <em>em pork pork<\\/em> chop, jerky pork belly drumstick ham. Tri-tip strip steak sirloin prosciutto pastrami. Corned beef venison tenderloin, biltong meatball pork tongue short ribs jowl cow hamburger strip steak. Doner turducken jerky short loin chuck filet mignon.","t3editor_inline_1":"1","t3editor_flex_1":"<?xml version=\\"1.0\\" encoding=\\"utf-8\\" standalone=\\"yes\\" ?>\\n<T3FlexForms>\\n    <data>\\n        <sheet index=\\"sGeneral\\">\\n            <language index=\\"lDEF\\">\\n                <field index=\\"t3editor_1\\">\\n                    <value index=\\"vDEF\\">Bacon ipsum dolor sit &lt;strong&gt;strong amet capicola&lt;\\/strong&gt; jerky pork chop rump shoulder shank. Shankle strip &lt;a href=&quot;#&quot;&gt;steak pig salami link&lt;\\/a&gt;. Leberkas shoulder ham hock cow salami bacon &lt;em&gt;em pork pork&lt;\\/em&gt; chop, jerky pork belly drumstick ham. Tri-tip strip steak sirloin prosciutto pastrami. Corned beef venison tenderloin, biltong meatball pork tongue short ribs jowl cow hamburger strip steak. Doner turducken jerky short loin chuck filet mignon.<\\/value>\\n                <\\/field>\\n            <\\/language>\\n        <\\/sheet>\\n        <sheet index=\\"sSection\\">\\n            <language index=\\"lDEF\\">\\n                <field index=\\"section_1\\">\\n                    <el index=\\"el\\">\\n                        <section index=\\"1\\">\\n                            <itemType index=\\"container_1\\">\\n                                <el>\\n                                    <field index=\\"t3editor_1\\">\\n                                        <value index=\\"vDEF\\">Bacon ipsum dolor sit &lt;strong&gt;strong amet capicola&lt;\\/strong&gt; jerky pork chop rump shoulder shank. Shankle strip &lt;a href=&quot;#&quot;&gt;steak pig salami link&lt;\\/a&gt;. Leberkas shoulder ham hock cow salami bacon &lt;em&gt;em pork pork&lt;\\/em&gt; chop, jerky pork belly drumstick ham. Tri-tip strip steak sirloin prosciutto pastrami. Corned beef venison tenderloin, biltong meatball pork tongue short ribs jowl cow hamburger strip steak. Doner turducken jerky short loin chuck filet mignon.<\\/value>\\n                                    <\\/field>\\n                                <\\/el>\\n                            <\\/itemType>\\n                        <\\/section>\\n                    <\\/el>\\n                <\\/field>\\n            <\\/language>\\n        <\\/sheet>\\n        <sheet index=\\"sInline\\">\\n            <language index=\\"lDEF\\">\\n                <field index=\\"inline_1\\">\\n                    <value index=\\"vDEF\\">1<\\/value>\\n                <\\/field>\\n            <\\/language>\\n        <\\/sheet>\\n    <\\/data>\\n<\\/T3FlexForms>"}	0	0	0	0	Bacon ipsum dolor sit <strong>strong amet capicola</strong> jerky pork chop rump shoulder shank. Shankle strip <a href="#">steak pig salami link</a>. Leberkas shoulder ham hock cow salami bacon <em>em pork pork</em> chop, jerky pork belly drumstick ham. Tri-tip strip steak sirloin prosciutto pastrami. Corned beef venison tenderloin, biltong meatball pork tongue short ribs jowl cow hamburger strip steak. Doner turducken jerky short loin chuck filet mignon.	1	Bacon ipsum dolor sit <strong>strong amet capicola</strong> jerky pork chop rump shoulder shank. Shankle strip <a href="#">steak pig salami link</a>. Leberkas shoulder ham hock cow salami bacon <em>em pork pork</em> chop, jerky pork belly drumstick ham. Tri-tip strip steak sirloin prosciutto pastrami. Corned beef venison tenderloin, biltong meatball pork tongue short ribs jowl cow hamburger strip steak. Doner turducken jerky short loin chuck filet mignon.	1	<?xml version="1.0" encoding="utf-8" standalone="yes" ?>\
<T3FlexForms>\
    <data>\
        <sheet index="sGeneral">\
            <language index="lDEF">\
                <field index="t3editor_1">\
                    <value index="vDEF">Bacon ipsum dolor sit &lt;strong&gt;strong amet capicola&lt;/strong&gt; jerky pork chop rump shoulder shank. Shankle strip &lt;a href=&quot;#&quot;&gt;steak pig salami link&lt;/a&gt;. Leberkas shoulder ham hock cow salami bacon &lt;em&gt;em pork pork&lt;/em&gt; chop, jerky pork belly drumstick ham. Tri-tip strip steak sirloin prosciutto pastrami. Corned beef venison tenderloin, biltong meatball pork tongue short ribs jowl cow hamburger strip steak. Doner turducken jerky short loin chuck filet mignon.</value>\
                </field>\
            </language>\
        </sheet>\
        <sheet index="sSection">\
            <language index="lDEF">\
                <field index="section_1">\
                    <el index="el">\
                        <section index="1">\
                            <itemType index="container_1">\
                                <el>\
                                    <field index="t3editor_1">\
                                        <value index="vDEF">Bacon ipsum dolor sit &lt;strong&gt;strong amet capicola&lt;/strong&gt; jerky pork chop rump shoulder shank. Shankle strip &lt;a href=&quot;#&quot;&gt;steak pig salami link&lt;/a&gt;. Leberkas shoulder ham hock cow salami bacon &lt;em&gt;em pork pork&lt;/em&gt; chop, jerky pork belly drumstick ham. Tri-tip strip steak sirloin prosciutto pastrami. Corned beef venison tenderloin, biltong meatball pork tongue short ribs jowl cow hamburger strip steak. Doner turducken jerky short loin chuck filet mignon.</value>\
                                    </field>\
                                </el>\
                            </itemType>\
                        </section>\
                    </el>\
                </field>\
            </language>\
        </sheet>\
        <sheet index="sInline">\
            <language index="lDEF">\
                <field index="inline_1">\
                    <value index="vDEF">1</value>\
                </field>\
            </language>\
        </sheet>\
    </data>\
</T3FlexForms>	\N
4	142	1741947233	1741945243	1	0	192	8	1	3	\N	{"hidden":"0","l10n_parent":"0","l10n_diffsource":"","sys_language_uid":"0","l10n_source":"0","t3editor_1":"Bacon ipsum dolor sit <strong>strong amet capicola<\\/strong> jerky pork chop rump shoulder shank. Shankle strip <a href=\\"#\\">steak pig salami link<\\/a>. Leberkas shoulder ham hock cow salami bacon <em>em pork pork<\\/em> chop, jerky pork belly drumstick ham. Tri-tip strip steak sirloin prosciutto pastrami. Corned beef venison tenderloin, biltong meatball pork tongue short ribs jowl cow hamburger strip steak. Doner turducken jerky short loin chuck filet mignon.","t3editor_reload_1":"1","t3editor_2":"Bacon ipsum dolor sit <strong>strong amet capicola<\\/strong> jerky pork chop rump shoulder shank. Shankle strip <a href=\\"#\\">steak pig salami link<\\/a>. Leberkas shoulder ham hock cow salami bacon <em>em pork pork<\\/em> chop, jerky pork belly drumstick ham. Tri-tip strip steak sirloin prosciutto pastrami. Corned beef venison tenderloin, biltong meatball pork tongue short ribs jowl cow hamburger strip steak. Doner turducken jerky short loin chuck filet mignon.","t3editor_inline_1":"1","t3editor_flex_1":"<?xml version=\\"1.0\\" encoding=\\"utf-8\\" standalone=\\"yes\\" ?>\\n<T3FlexForms>\\n    <data>\\n        <sheet index=\\"sGeneral\\">\\n            <language index=\\"lDEF\\">\\n                <field index=\\"t3editor_1\\">\\n                    <value index=\\"vDEF\\">Bacon ipsum dolor sit &lt;strong&gt;strong amet capicola&lt;\\/strong&gt; jerky pork chop rump shoulder shank. Shankle strip &lt;a href=&quot;#&quot;&gt;steak pig salami link&lt;\\/a&gt;. Leberkas shoulder ham hock cow salami bacon &lt;em&gt;em pork pork&lt;\\/em&gt; chop, jerky pork belly drumstick ham. Tri-tip strip steak sirloin prosciutto pastrami. Corned beef venison tenderloin, biltong meatball pork tongue short ribs jowl cow hamburger strip steak. Doner turducken jerky short loin chuck filet mignon.<\\/value>\\n                <\\/field>\\n            <\\/language>\\n        <\\/sheet>\\n        <sheet index=\\"sSection\\">\\n            <language index=\\"lDEF\\">\\n                <field index=\\"section_1\\">\\n                    <el index=\\"el\\">\\n                        <section index=\\"1\\">\\n                            <itemType index=\\"container_1\\">\\n                                <el>\\n                                    <field index=\\"t3editor_1\\">\\n                                        <value index=\\"vDEF\\">Bacon ipsum dolor sit &lt;strong&gt;strong amet capicola&lt;\\/strong&gt; jerky pork chop rump shoulder shank. Shankle strip &lt;a href=&quot;#&quot;&gt;steak pig salami link&lt;\\/a&gt;. Leberkas shoulder ham hock cow salami bacon &lt;em&gt;em pork pork&lt;\\/em&gt; chop, jerky pork belly drumstick ham. Tri-tip strip steak sirloin prosciutto pastrami. Corned beef venison tenderloin, biltong meatball pork tongue short ribs jowl cow hamburger strip steak. Doner turducken jerky short loin chuck filet mignon.<\\/value>\\n                                    <\\/field>\\n                                <\\/el>\\n                            <\\/itemType>\\n                        <\\/section>\\n                    <\\/el>\\n                <\\/field>\\n            <\\/language>\\n        <\\/sheet>\\n        <sheet index=\\"sInline\\">\\n            <language index=\\"lDEF\\">\\n                <field index=\\"inline_1\\">\\n                    <value index=\\"vDEF\\">1<\\/value>\\n                <\\/field>\\n            <\\/language>\\n        <\\/sheet>\\n    <\\/data>\\n<\\/T3FlexForms>"}	0	0	0	0	Bacon ipsum dolor sit <strong>strong amet capicola</strong> jerky pork chop rump shoulder shank. Shankle strip <a href="#">steak pig salami link</a>. Leberkas shoulder ham hock cow salami bacon <em>em pork pork</em> chop, jerky pork belly drumstick ham. Tri-tip strip steak sirloin prosciutto pastrami. Corned beef venison tenderloin, biltong meatball pork tongue short ribs jowl cow hamburger strip steak. Doner turducken jerky short loin chuck filet mignon.	1	Bacon ipsum dolor sit <strong>strong amet capicola</strong> jerky pork chop rump shoulder shank. Shankle strip <a href="#">steak pig salami link</a>. Leberkas shoulder ham hock cow salami bacon <em>em pork pork</em> chop, jerky pork belly drumstick ham. Tri-tip strip steak sirloin prosciutto pastrami. Corned beef venison tenderloin, biltong meatball pork tongue short ribs jowl cow hamburger strip steak. Doner turducken jerky short loin chuck filet mignon.	1	<?xml version="1.0" encoding="utf-8" standalone="yes" ?>\
<T3FlexForms>\
    <data>\
        <sheet index="sGeneral">\
            <language index="lDEF">\
                <field index="t3editor_1">\
                    <value index="vDEF">Bacon ipsum dolor sit &lt;strong&gt;strong amet capicola&lt;/strong&gt; jerky pork chop rump shoulder shank. Shankle strip &lt;a href=&quot;#&quot;&gt;steak pig salami link&lt;/a&gt;. Leberkas shoulder ham hock cow salami bacon &lt;em&gt;em pork pork&lt;/em&gt; chop, jerky pork belly drumstick ham. Tri-tip strip steak sirloin prosciutto pastrami. Corned beef venison tenderloin, biltong meatball pork tongue short ribs jowl cow hamburger strip steak. Doner turducken jerky short loin chuck filet mignon.</value>\
                </field>\
            </language>\
        </sheet>\
        <sheet index="sSection">\
            <language index="lDEF">\
                <field index="section_1">\
                    <el index="el">\
                        <section index="1">\
                            <itemType index="container_1">\
                                <el>\
                                    <field index="t3editor_1">\
                                        <value index="vDEF">Bacon ipsum dolor sit &lt;strong&gt;strong amet capicola&lt;/strong&gt; jerky pork chop rump shoulder shank. Shankle strip &lt;a href=&quot;#&quot;&gt;steak pig salami link&lt;/a&gt;. Leberkas shoulder ham hock cow salami bacon &lt;em&gt;em pork pork&lt;/em&gt; chop, jerky pork belly drumstick ham. Tri-tip strip steak sirloin prosciutto pastrami. Corned beef venison tenderloin, biltong meatball pork tongue short ribs jowl cow hamburger strip steak. Doner turducken jerky short loin chuck filet mignon.</value>\
                                    </field>\
                                </el>\
                            </itemType>\
                        </section>\
                    </el>\
                </field>\
            </language>\
        </sheet>\
        <sheet index="sInline">\
            <language index="lDEF">\
                <field index="inline_1">\
                    <value index="vDEF">1</value>\
                </field>\
            </language>\
        </sheet>\
    </data>\
</T3FlexForms>	\N
5	142	1741947233	1741945243	1	0	224	9	0	4	\N	{"hidden":"0","l10n_parent":"0","l10n_diffsource":"","sys_language_uid":"0","l10n_source":"0","t3editor_1":"Bacon ipsum dolor sit <strong>strong amet capicola<\\/strong> jerky pork chop rump shoulder shank. Shankle strip <a href=\\"#\\">steak pig salami link<\\/a>. Leberkas shoulder ham hock cow salami bacon <em>em pork pork<\\/em> chop, jerky pork belly drumstick ham. Tri-tip strip steak sirloin prosciutto pastrami. Corned beef venison tenderloin, biltong meatball pork tongue short ribs jowl cow hamburger strip steak. Doner turducken jerky short loin chuck filet mignon.","t3editor_reload_1":"1","t3editor_2":"Bacon ipsum dolor sit <strong>strong amet capicola<\\/strong> jerky pork chop rump shoulder shank. Shankle strip <a href=\\"#\\">steak pig salami link<\\/a>. Leberkas shoulder ham hock cow salami bacon <em>em pork pork<\\/em> chop, jerky pork belly drumstick ham. Tri-tip strip steak sirloin prosciutto pastrami. Corned beef venison tenderloin, biltong meatball pork tongue short ribs jowl cow hamburger strip steak. Doner turducken jerky short loin chuck filet mignon.","t3editor_inline_1":"1","t3editor_flex_1":"<?xml version=\\"1.0\\" encoding=\\"utf-8\\" standalone=\\"yes\\" ?>\\n<T3FlexForms>\\n    <data>\\n        <sheet index=\\"sGeneral\\">\\n            <language index=\\"lDEF\\">\\n                <field index=\\"t3editor_1\\">\\n                    <value index=\\"vDEF\\">Bacon ipsum dolor sit &lt;strong&gt;strong amet capicola&lt;\\/strong&gt; jerky pork chop rump shoulder shank. Shankle strip &lt;a href=&quot;#&quot;&gt;steak pig salami link&lt;\\/a&gt;. Leberkas shoulder ham hock cow salami bacon &lt;em&gt;em pork pork&lt;\\/em&gt; chop, jerky pork belly drumstick ham. Tri-tip strip steak sirloin prosciutto pastrami. Corned beef venison tenderloin, biltong meatball pork tongue short ribs jowl cow hamburger strip steak. Doner turducken jerky short loin chuck filet mignon.<\\/value>\\n                <\\/field>\\n            <\\/language>\\n        <\\/sheet>\\n        <sheet index=\\"sSection\\">\\n            <language index=\\"lDEF\\">\\n                <field index=\\"section_1\\">\\n                    <el index=\\"el\\">\\n                        <section index=\\"1\\">\\n                            <itemType index=\\"container_1\\">\\n                                <el>\\n                                    <field index=\\"t3editor_1\\">\\n                                        <value index=\\"vDEF\\">Bacon ipsum dolor sit &lt;strong&gt;strong amet capicola&lt;\\/strong&gt; jerky pork chop rump shoulder shank. Shankle strip &lt;a href=&quot;#&quot;&gt;steak pig salami link&lt;\\/a&gt;. Leberkas shoulder ham hock cow salami bacon &lt;em&gt;em pork pork&lt;\\/em&gt; chop, jerky pork belly drumstick ham. Tri-tip strip steak sirloin prosciutto pastrami. Corned beef venison tenderloin, biltong meatball pork tongue short ribs jowl cow hamburger strip steak. Doner turducken jerky short loin chuck filet mignon.<\\/value>\\n                                    <\\/field>\\n                                <\\/el>\\n                            <\\/itemType>\\n                        <\\/section>\\n                    <\\/el>\\n                <\\/field>\\n            <\\/language>\\n        <\\/sheet>\\n        <sheet index=\\"sInline\\">\\n            <language index=\\"lDEF\\">\\n                <field index=\\"inline_1\\">\\n                    <value index=\\"vDEF\\">1<\\/value>\\n                <\\/field>\\n            <\\/language>\\n        <\\/sheet>\\n    <\\/data>\\n<\\/T3FlexForms>"}	0	0	0	0	Bacon ipsum dolor sit <strong>strong amet capicola</strong> jerky pork chop rump shoulder shank. Shankle strip <a href="#">steak pig salami link</a>. Leberkas shoulder ham hock cow salami bacon <em>em pork pork</em> chop, jerky pork belly drumstick ham. Tri-tip strip steak sirloin prosciutto pastrami. Corned beef venison tenderloin, biltong meatball pork tongue short ribs jowl cow hamburger strip steak. Doner turducken jerky short loin chuck filet mignon.	1	Bacon ipsum dolor sit <strong>strong amet capicola</strong> jerky pork chop rump shoulder shank. Shankle strip <a href="#">steak pig salami link</a>. Leberkas shoulder ham hock cow salami bacon <em>em pork pork</em> chop, jerky pork belly drumstick ham. Tri-tip strip steak sirloin prosciutto pastrami. Corned beef venison tenderloin, biltong meatball pork tongue short ribs jowl cow hamburger strip steak. Doner turducken jerky short loin chuck filet mignon.	1	<?xml version="1.0" encoding="utf-8" standalone="yes" ?>\
<T3FlexForms>\
    <data>\
        <sheet index="sGeneral">\
            <language index="lDEF">\
                <field index="t3editor_1">\
                    <value index="vDEF">Bacon ipsum dolor sit &lt;strong&gt;strong amet capicola&lt;/strong&gt; jerky pork chop rump shoulder shank. Shankle strip &lt;a href=&quot;#&quot;&gt;steak pig salami link&lt;/a&gt;. Leberkas shoulder ham hock cow salami bacon &lt;em&gt;em pork pork&lt;/em&gt; chop, jerky pork belly drumstick ham. Tri-tip strip steak sirloin prosciutto pastrami. Corned beef venison tenderloin, biltong meatball pork tongue short ribs jowl cow hamburger strip steak. Doner turducken jerky short loin chuck filet mignon.</value>\
                </field>\
            </language>\
        </sheet>\
        <sheet index="sSection">\
            <language index="lDEF">\
                <field index="section_1">\
                    <el index="el">\
                        <section index="1">\
                            <itemType index="container_1">\
                                <el>\
                                    <field index="t3editor_1">\
                                        <value index="vDEF">Bacon ipsum dolor sit &lt;strong&gt;strong amet capicola&lt;/strong&gt; jerky pork chop rump shoulder shank. Shankle strip &lt;a href=&quot;#&quot;&gt;steak pig salami link&lt;/a&gt;. Leberkas shoulder ham hock cow salami bacon &lt;em&gt;em pork pork&lt;/em&gt; chop, jerky pork belly drumstick ham. Tri-tip strip steak sirloin prosciutto pastrami. Corned beef venison tenderloin, biltong meatball pork tongue short ribs jowl cow hamburger strip steak. Doner turducken jerky short loin chuck filet mignon.</value>\
                                    </field>\
                                </el>\
                            </itemType>\
                        </section>\
                    </el>\
                </field>\
            </language>\
        </sheet>\
        <sheet index="sInline">\
            <language index="lDEF">\
                <field index="inline_1">\
                    <value index="vDEF">1</value>\
                </field>\
            </language>\
        </sheet>\
    </data>\
</T3FlexForms>	\N
6	333	1741947254	1741947254	0	0	0	0	0	0	\N		0	0	0	0	Bacon ipsum dolor sit <strong>strong amet capicola</strong> jerky pork chop rump shoulder shank. Shankle strip <a href="#">steak pig salami link</a>. Leberkas shoulder ham hock cow salami bacon <em>em pork pork</em> chop, jerky pork belly drumstick ham. Tri-tip strip steak sirloin prosciutto pastrami. Corned beef venison tenderloin, biltong meatball pork tongue short ribs jowl cow hamburger strip steak. Doner turducken jerky short loin chuck filet mignon.	1	Bacon ipsum dolor sit <strong>strong amet capicola</strong> jerky pork chop rump shoulder shank. Shankle strip <a href="#">steak pig salami link</a>. Leberkas shoulder ham hock cow salami bacon <em>em pork pork</em> chop, jerky pork belly drumstick ham. Tri-tip strip steak sirloin prosciutto pastrami. Corned beef venison tenderloin, biltong meatball pork tongue short ribs jowl cow hamburger strip steak. Doner turducken jerky short loin chuck filet mignon.	1	<?xml version="1.0" encoding="utf-8" standalone="yes" ?>\
<T3FlexForms>\
    <data>\
        <sheet index="sGeneral">\
            <language index="lDEF">\
                <field index="t3editor_1">\
                    <value index="vDEF">Bacon ipsum dolor sit &lt;strong&gt;strong amet capicola&lt;/strong&gt; jerky pork chop rump shoulder shank. Shankle strip &lt;a href=&quot;#&quot;&gt;steak pig salami link&lt;/a&gt;. Leberkas shoulder ham hock cow salami bacon &lt;em&gt;em pork pork&lt;/em&gt; chop, jerky pork belly drumstick ham. Tri-tip strip steak sirloin prosciutto pastrami. Corned beef venison tenderloin, biltong meatball pork tongue short ribs jowl cow hamburger strip steak. Doner turducken jerky short loin chuck filet mignon.</value>\
                </field>\
            </language>\
        </sheet>\
        <sheet index="sSection">\
            <language index="lDEF">\
                <field index="section_1">\
                    <el index="el">\
                        <section index="1">\
                            <itemType index="container_1">\
                                <el>\
                                    <field index="t3editor_1">\
                                        <value index="vDEF">Bacon ipsum dolor sit &lt;strong&gt;strong amet capicola&lt;/strong&gt; jerky pork chop rump shoulder shank. Shankle strip &lt;a href=&quot;#&quot;&gt;steak pig salami link&lt;/a&gt;. Leberkas shoulder ham hock cow salami bacon &lt;em&gt;em pork pork&lt;/em&gt; chop, jerky pork belly drumstick ham. Tri-tip strip steak sirloin prosciutto pastrami. Corned beef venison tenderloin, biltong meatball pork tongue short ribs jowl cow hamburger strip steak. Doner turducken jerky short loin chuck filet mignon.</value>\
                                    </field>\
                                </el>\
                            </itemType>\
                        </section>\
                    </el>\
                </field>\
            </language>\
        </sheet>\
        <sheet index="sInline">\
            <language index="lDEF">\
                <field index="inline_1">\
                    <value index="vDEF">1</value>\
                </field>\
            </language>\
        </sheet>\
    </data>\
</T3FlexForms>	\N
7	333	1741947254	1741947254	0	0	256	6	0	6	\N		0	0	0	0	Bacon ipsum dolor sit <strong>strong amet capicola</strong> jerky pork chop rump shoulder shank. Shankle strip <a href="#">steak pig salami link</a>. Leberkas shoulder ham hock cow salami bacon <em>em pork pork</em> chop, jerky pork belly drumstick ham. Tri-tip strip steak sirloin prosciutto pastrami. Corned beef venison tenderloin, biltong meatball pork tongue short ribs jowl cow hamburger strip steak. Doner turducken jerky short loin chuck filet mignon.	1	Bacon ipsum dolor sit <strong>strong amet capicola</strong> jerky pork chop rump shoulder shank. Shankle strip <a href="#">steak pig salami link</a>. Leberkas shoulder ham hock cow salami bacon <em>em pork pork</em> chop, jerky pork belly drumstick ham. Tri-tip strip steak sirloin prosciutto pastrami. Corned beef venison tenderloin, biltong meatball pork tongue short ribs jowl cow hamburger strip steak. Doner turducken jerky short loin chuck filet mignon.	1	<?xml version="1.0" encoding="utf-8" standalone="yes" ?>\
<T3FlexForms>\
    <data>\
        <sheet index="sGeneral">\
            <language index="lDEF">\
                <field index="t3editor_1">\
                    <value index="vDEF">Bacon ipsum dolor sit &lt;strong&gt;strong amet capicola&lt;/strong&gt; jerky pork chop rump shoulder shank. Shankle strip &lt;a href=&quot;#&quot;&gt;steak pig salami link&lt;/a&gt;. Leberkas shoulder ham hock cow salami bacon &lt;em&gt;em pork pork&lt;/em&gt; chop, jerky pork belly drumstick ham. Tri-tip strip steak sirloin prosciutto pastrami. Corned beef venison tenderloin, biltong meatball pork tongue short ribs jowl cow hamburger strip steak. Doner turducken jerky short loin chuck filet mignon.</value>\
                </field>\
            </language>\
        </sheet>\
        <sheet index="sSection">\
            <language index="lDEF">\
                <field index="section_1">\
                    <el index="el">\
                        <section index="1">\
                            <itemType index="container_1">\
                                <el>\
                                    <field index="t3editor_1">\
                                        <value index="vDEF">Bacon ipsum dolor sit &lt;strong&gt;strong amet capicola&lt;/strong&gt; jerky pork chop rump shoulder shank. Shankle strip &lt;a href=&quot;#&quot;&gt;steak pig salami link&lt;/a&gt;. Leberkas shoulder ham hock cow salami bacon &lt;em&gt;em pork pork&lt;/em&gt; chop, jerky pork belly drumstick ham. Tri-tip strip steak sirloin prosciutto pastrami. Corned beef venison tenderloin, biltong meatball pork tongue short ribs jowl cow hamburger strip steak. Doner turducken jerky short loin chuck filet mignon.</value>\
                                    </field>\
                                </el>\
                            </itemType>\
                        </section>\
                    </el>\
                </field>\
            </language>\
        </sheet>\
        <sheet index="sInline">\
            <language index="lDEF">\
                <field index="inline_1">\
                    <value index="vDEF">1</value>\
                </field>\
            </language>\
        </sheet>\
    </data>\
</T3FlexForms>	\N
8	333	1741947254	1741947254	0	0	128	7	6	6	\N	{"hidden":"0","l10n_parent":"0","l10n_diffsource":"","sys_language_uid":"0","l10n_source":"0","t3editor_1":"Bacon ipsum dolor sit <strong>strong amet capicola<\\/strong> jerky pork chop rump shoulder shank. Shankle strip <a href=\\"#\\">steak pig salami link<\\/a>. Leberkas shoulder ham hock cow salami bacon <em>em pork pork<\\/em> chop, jerky pork belly drumstick ham. Tri-tip strip steak sirloin prosciutto pastrami. Corned beef venison tenderloin, biltong meatball pork tongue short ribs jowl cow hamburger strip steak. Doner turducken jerky short loin chuck filet mignon.","t3editor_reload_1":"1","t3editor_2":"Bacon ipsum dolor sit <strong>strong amet capicola<\\/strong> jerky pork chop rump shoulder shank. Shankle strip <a href=\\"#\\">steak pig salami link<\\/a>. Leberkas shoulder ham hock cow salami bacon <em>em pork pork<\\/em> chop, jerky pork belly drumstick ham. Tri-tip strip steak sirloin prosciutto pastrami. Corned beef venison tenderloin, biltong meatball pork tongue short ribs jowl cow hamburger strip steak. Doner turducken jerky short loin chuck filet mignon.","t3editor_inline_1":"1","t3editor_flex_1":"<?xml version=\\"1.0\\" encoding=\\"utf-8\\" standalone=\\"yes\\" ?>\\n<T3FlexForms>\\n    <data>\\n        <sheet index=\\"sGeneral\\">\\n            <language index=\\"lDEF\\">\\n                <field index=\\"t3editor_1\\">\\n                    <value index=\\"vDEF\\">Bacon ipsum dolor sit &lt;strong&gt;strong amet capicola&lt;\\/strong&gt; jerky pork chop rump shoulder shank. Shankle strip &lt;a href=&quot;#&quot;&gt;steak pig salami link&lt;\\/a&gt;. Leberkas shoulder ham hock cow salami bacon &lt;em&gt;em pork pork&lt;\\/em&gt; chop, jerky pork belly drumstick ham. Tri-tip strip steak sirloin prosciutto pastrami. Corned beef venison tenderloin, biltong meatball pork tongue short ribs jowl cow hamburger strip steak. Doner turducken jerky short loin chuck filet mignon.<\\/value>\\n                <\\/field>\\n            <\\/language>\\n        <\\/sheet>\\n        <sheet index=\\"sSection\\">\\n            <language index=\\"lDEF\\">\\n                <field index=\\"section_1\\">\\n                    <el index=\\"el\\">\\n                        <section index=\\"1\\">\\n                            <itemType index=\\"container_1\\">\\n                                <el>\\n                                    <field index=\\"t3editor_1\\">\\n                                        <value index=\\"vDEF\\">Bacon ipsum dolor sit &lt;strong&gt;strong amet capicola&lt;\\/strong&gt; jerky pork chop rump shoulder shank. Shankle strip &lt;a href=&quot;#&quot;&gt;steak pig salami link&lt;\\/a&gt;. Leberkas shoulder ham hock cow salami bacon &lt;em&gt;em pork pork&lt;\\/em&gt; chop, jerky pork belly drumstick ham. Tri-tip strip steak sirloin prosciutto pastrami. Corned beef venison tenderloin, biltong meatball pork tongue short ribs jowl cow hamburger strip steak. Doner turducken jerky short loin chuck filet mignon.<\\/value>\\n                                    <\\/field>\\n                                <\\/el>\\n                            <\\/itemType>\\n                        <\\/section>\\n                    <\\/el>\\n                <\\/field>\\n            <\\/language>\\n        <\\/sheet>\\n        <sheet index=\\"sInline\\">\\n            <language index=\\"lDEF\\">\\n                <field index=\\"inline_1\\">\\n                    <value index=\\"vDEF\\">1<\\/value>\\n                <\\/field>\\n            <\\/language>\\n        <\\/sheet>\\n    <\\/data>\\n<\\/T3FlexForms>"}	0	0	0	0	Bacon ipsum dolor sit <strong>strong amet capicola</strong> jerky pork chop rump shoulder shank. Shankle strip <a href="#">steak pig salami link</a>. Leberkas shoulder ham hock cow salami bacon <em>em pork pork</em> chop, jerky pork belly drumstick ham. Tri-tip strip steak sirloin prosciutto pastrami. Corned beef venison tenderloin, biltong meatball pork tongue short ribs jowl cow hamburger strip steak. Doner turducken jerky short loin chuck filet mignon.	1	Bacon ipsum dolor sit <strong>strong amet capicola</strong> jerky pork chop rump shoulder shank. Shankle strip <a href="#">steak pig salami link</a>. Leberkas shoulder ham hock cow salami bacon <em>em pork pork</em> chop, jerky pork belly drumstick ham. Tri-tip strip steak sirloin prosciutto pastrami. Corned beef venison tenderloin, biltong meatball pork tongue short ribs jowl cow hamburger strip steak. Doner turducken jerky short loin chuck filet mignon.	1	<?xml version="1.0" encoding="utf-8" standalone="yes" ?>\
<T3FlexForms>\
    <data>\
        <sheet index="sGeneral">\
            <language index="lDEF">\
                <field index="t3editor_1">\
                    <value index="vDEF">Bacon ipsum dolor sit &lt;strong&gt;strong amet capicola&lt;/strong&gt; jerky pork chop rump shoulder shank. Shankle strip &lt;a href=&quot;#&quot;&gt;steak pig salami link&lt;/a&gt;. Leberkas shoulder ham hock cow salami bacon &lt;em&gt;em pork pork&lt;/em&gt; chop, jerky pork belly drumstick ham. Tri-tip strip steak sirloin prosciutto pastrami. Corned beef venison tenderloin, biltong meatball pork tongue short ribs jowl cow hamburger strip steak. Doner turducken jerky short loin chuck filet mignon.</value>\
                </field>\
            </language>\
        </sheet>\
        <sheet index="sSection">\
            <language index="lDEF">\
                <field index="section_1">\
                    <el index="el">\
                        <section index="1">\
                            <itemType index="container_1">\
                                <el>\
                                    <field index="t3editor_1">\
                                        <value index="vDEF">Bacon ipsum dolor sit &lt;strong&gt;strong amet capicola&lt;/strong&gt; jerky pork chop rump shoulder shank. Shankle strip &lt;a href=&quot;#&quot;&gt;steak pig salami link&lt;/a&gt;. Leberkas shoulder ham hock cow salami bacon &lt;em&gt;em pork pork&lt;/em&gt; chop, jerky pork belly drumstick ham. Tri-tip strip steak sirloin prosciutto pastrami. Corned beef venison tenderloin, biltong meatball pork tongue short ribs jowl cow hamburger strip steak. Doner turducken jerky short loin chuck filet mignon.</value>\
                                    </field>\
                                </el>\
                            </itemType>\
                        </section>\
                    </el>\
                </field>\
            </language>\
        </sheet>\
        <sheet index="sInline">\
            <language index="lDEF">\
                <field index="inline_1">\
                    <value index="vDEF">1</value>\
                </field>\
            </language>\
        </sheet>\
    </data>\
</T3FlexForms>	\N
9	333	1741947254	1741947254	0	0	192	8	6	8	\N	{"hidden":"0","l10n_parent":"0","l10n_diffsource":"","sys_language_uid":"0","l10n_source":"0","t3editor_1":"Bacon ipsum dolor sit <strong>strong amet capicola<\\/strong> jerky pork chop rump shoulder shank. Shankle strip <a href=\\"#\\">steak pig salami link<\\/a>. Leberkas shoulder ham hock cow salami bacon <em>em pork pork<\\/em> chop, jerky pork belly drumstick ham. Tri-tip strip steak sirloin prosciutto pastrami. Corned beef venison tenderloin, biltong meatball pork tongue short ribs jowl cow hamburger strip steak. Doner turducken jerky short loin chuck filet mignon.","t3editor_reload_1":"1","t3editor_2":"Bacon ipsum dolor sit <strong>strong amet capicola<\\/strong> jerky pork chop rump shoulder shank. Shankle strip <a href=\\"#\\">steak pig salami link<\\/a>. Leberkas shoulder ham hock cow salami bacon <em>em pork pork<\\/em> chop, jerky pork belly drumstick ham. Tri-tip strip steak sirloin prosciutto pastrami. Corned beef venison tenderloin, biltong meatball pork tongue short ribs jowl cow hamburger strip steak. Doner turducken jerky short loin chuck filet mignon.","t3editor_inline_1":"1","t3editor_flex_1":"<?xml version=\\"1.0\\" encoding=\\"utf-8\\" standalone=\\"yes\\" ?>\\n<T3FlexForms>\\n    <data>\\n        <sheet index=\\"sGeneral\\">\\n            <language index=\\"lDEF\\">\\n                <field index=\\"t3editor_1\\">\\n                    <value index=\\"vDEF\\">Bacon ipsum dolor sit &lt;strong&gt;strong amet capicola&lt;\\/strong&gt; jerky pork chop rump shoulder shank. Shankle strip &lt;a href=&quot;#&quot;&gt;steak pig salami link&lt;\\/a&gt;. Leberkas shoulder ham hock cow salami bacon &lt;em&gt;em pork pork&lt;\\/em&gt; chop, jerky pork belly drumstick ham. Tri-tip strip steak sirloin prosciutto pastrami. Corned beef venison tenderloin, biltong meatball pork tongue short ribs jowl cow hamburger strip steak. Doner turducken jerky short loin chuck filet mignon.<\\/value>\\n                <\\/field>\\n            <\\/language>\\n        <\\/sheet>\\n        <sheet index=\\"sSection\\">\\n            <language index=\\"lDEF\\">\\n                <field index=\\"section_1\\">\\n                    <el index=\\"el\\">\\n                        <section index=\\"1\\">\\n                            <itemType index=\\"container_1\\">\\n                                <el>\\n                                    <field index=\\"t3editor_1\\">\\n                                        <value index=\\"vDEF\\">Bacon ipsum dolor sit &lt;strong&gt;strong amet capicola&lt;\\/strong&gt; jerky pork chop rump shoulder shank. Shankle strip &lt;a href=&quot;#&quot;&gt;steak pig salami link&lt;\\/a&gt;. Leberkas shoulder ham hock cow salami bacon &lt;em&gt;em pork pork&lt;\\/em&gt; chop, jerky pork belly drumstick ham. Tri-tip strip steak sirloin prosciutto pastrami. Corned beef venison tenderloin, biltong meatball pork tongue short ribs jowl cow hamburger strip steak. Doner turducken jerky short loin chuck filet mignon.<\\/value>\\n                                    <\\/field>\\n                                <\\/el>\\n                            <\\/itemType>\\n                        <\\/section>\\n                    <\\/el>\\n                <\\/field>\\n            <\\/language>\\n        <\\/sheet>\\n        <sheet index=\\"sInline\\">\\n            <language index=\\"lDEF\\">\\n                <field index=\\"inline_1\\">\\n                    <value index=\\"vDEF\\">1<\\/value>\\n                <\\/field>\\n            <\\/language>\\n        <\\/sheet>\\n    <\\/data>\\n<\\/T3FlexForms>"}	0	0	0	0	Bacon ipsum dolor sit <strong>strong amet capicola</strong> jerky pork chop rump shoulder shank. Shankle strip <a href="#">steak pig salami link</a>. Leberkas shoulder ham hock cow salami bacon <em>em pork pork</em> chop, jerky pork belly drumstick ham. Tri-tip strip steak sirloin prosciutto pastrami. Corned beef venison tenderloin, biltong meatball pork tongue short ribs jowl cow hamburger strip steak. Doner turducken jerky short loin chuck filet mignon.	1	Bacon ipsum dolor sit <strong>strong amet capicola</strong> jerky pork chop rump shoulder shank. Shankle strip <a href="#">steak pig salami link</a>. Leberkas shoulder ham hock cow salami bacon <em>em pork pork</em> chop, jerky pork belly drumstick ham. Tri-tip strip steak sirloin prosciutto pastrami. Corned beef venison tenderloin, biltong meatball pork tongue short ribs jowl cow hamburger strip steak. Doner turducken jerky short loin chuck filet mignon.	1	<?xml version="1.0" encoding="utf-8" standalone="yes" ?>\
<T3FlexForms>\
    <data>\
        <sheet index="sGeneral">\
            <language index="lDEF">\
                <field index="t3editor_1">\
                    <value index="vDEF">Bacon ipsum dolor sit &lt;strong&gt;strong amet capicola&lt;/strong&gt; jerky pork chop rump shoulder shank. Shankle strip &lt;a href=&quot;#&quot;&gt;steak pig salami link&lt;/a&gt;. Leberkas shoulder ham hock cow salami bacon &lt;em&gt;em pork pork&lt;/em&gt; chop, jerky pork belly drumstick ham. Tri-tip strip steak sirloin prosciutto pastrami. Corned beef venison tenderloin, biltong meatball pork tongue short ribs jowl cow hamburger strip steak. Doner turducken jerky short loin chuck filet mignon.</value>\
                </field>\
            </language>\
        </sheet>\
        <sheet index="sSection">\
            <language index="lDEF">\
                <field index="section_1">\
                    <el index="el">\
                        <section index="1">\
                            <itemType index="container_1">\
                                <el>\
                                    <field index="t3editor_1">\
                                        <value index="vDEF">Bacon ipsum dolor sit &lt;strong&gt;strong amet capicola&lt;/strong&gt; jerky pork chop rump shoulder shank. Shankle strip &lt;a href=&quot;#&quot;&gt;steak pig salami link&lt;/a&gt;. Leberkas shoulder ham hock cow salami bacon &lt;em&gt;em pork pork&lt;/em&gt; chop, jerky pork belly drumstick ham. Tri-tip strip steak sirloin prosciutto pastrami. Corned beef venison tenderloin, biltong meatball pork tongue short ribs jowl cow hamburger strip steak. Doner turducken jerky short loin chuck filet mignon.</value>\
                                    </field>\
                                </el>\
                            </itemType>\
                        </section>\
                    </el>\
                </field>\
            </language>\
        </sheet>\
        <sheet index="sInline">\
            <language index="lDEF">\
                <field index="inline_1">\
                    <value index="vDEF">1</value>\
                </field>\
            </language>\
        </sheet>\
    </data>\
</T3FlexForms>	\N
10	333	1741947254	1741947254	0	0	224	9	0	9	\N	{"hidden":"0","l10n_parent":"0","l10n_diffsource":"","sys_language_uid":"0","l10n_source":"0","t3editor_1":"Bacon ipsum dolor sit <strong>strong amet capicola<\\/strong> jerky pork chop rump shoulder shank. Shankle strip <a href=\\"#\\">steak pig salami link<\\/a>. Leberkas shoulder ham hock cow salami bacon <em>em pork pork<\\/em> chop, jerky pork belly drumstick ham. Tri-tip strip steak sirloin prosciutto pastrami. Corned beef venison tenderloin, biltong meatball pork tongue short ribs jowl cow hamburger strip steak. Doner turducken jerky short loin chuck filet mignon.","t3editor_reload_1":"1","t3editor_2":"Bacon ipsum dolor sit <strong>strong amet capicola<\\/strong> jerky pork chop rump shoulder shank. Shankle strip <a href=\\"#\\">steak pig salami link<\\/a>. Leberkas shoulder ham hock cow salami bacon <em>em pork pork<\\/em> chop, jerky pork belly drumstick ham. Tri-tip strip steak sirloin prosciutto pastrami. Corned beef venison tenderloin, biltong meatball pork tongue short ribs jowl cow hamburger strip steak. Doner turducken jerky short loin chuck filet mignon.","t3editor_inline_1":"1","t3editor_flex_1":"<?xml version=\\"1.0\\" encoding=\\"utf-8\\" standalone=\\"yes\\" ?>\\n<T3FlexForms>\\n    <data>\\n        <sheet index=\\"sGeneral\\">\\n            <language index=\\"lDEF\\">\\n                <field index=\\"t3editor_1\\">\\n                    <value index=\\"vDEF\\">Bacon ipsum dolor sit &lt;strong&gt;strong amet capicola&lt;\\/strong&gt; jerky pork chop rump shoulder shank. Shankle strip &lt;a href=&quot;#&quot;&gt;steak pig salami link&lt;\\/a&gt;. Leberkas shoulder ham hock cow salami bacon &lt;em&gt;em pork pork&lt;\\/em&gt; chop, jerky pork belly drumstick ham. Tri-tip strip steak sirloin prosciutto pastrami. Corned beef venison tenderloin, biltong meatball pork tongue short ribs jowl cow hamburger strip steak. Doner turducken jerky short loin chuck filet mignon.<\\/value>\\n                <\\/field>\\n            <\\/language>\\n        <\\/sheet>\\n        <sheet index=\\"sSection\\">\\n            <language index=\\"lDEF\\">\\n                <field index=\\"section_1\\">\\n                    <el index=\\"el\\">\\n                        <section index=\\"1\\">\\n                            <itemType index=\\"container_1\\">\\n                                <el>\\n                                    <field index=\\"t3editor_1\\">\\n                                        <value index=\\"vDEF\\">Bacon ipsum dolor sit &lt;strong&gt;strong amet capicola&lt;\\/strong&gt; jerky pork chop rump shoulder shank. Shankle strip &lt;a href=&quot;#&quot;&gt;steak pig salami link&lt;\\/a&gt;. Leberkas shoulder ham hock cow salami bacon &lt;em&gt;em pork pork&lt;\\/em&gt; chop, jerky pork belly drumstick ham. Tri-tip strip steak sirloin prosciutto pastrami. Corned beef venison tenderloin, biltong meatball pork tongue short ribs jowl cow hamburger strip steak. Doner turducken jerky short loin chuck filet mignon.<\\/value>\\n                                    <\\/field>\\n                                <\\/el>\\n                            <\\/itemType>\\n                        <\\/section>\\n                    <\\/el>\\n                <\\/field>\\n            <\\/language>\\n        <\\/sheet>\\n        <sheet index=\\"sInline\\">\\n            <language index=\\"lDEF\\">\\n                <field index=\\"inline_1\\">\\n                    <value index=\\"vDEF\\">1<\\/value>\\n                <\\/field>\\n            <\\/language>\\n        <\\/sheet>\\n    <\\/data>\\n<\\/T3FlexForms>"}	0	0	0	0	Bacon ipsum dolor sit <strong>strong amet capicola</strong> jerky pork chop rump shoulder shank. Shankle strip <a href="#">steak pig salami link</a>. Leberkas shoulder ham hock cow salami bacon <em>em pork pork</em> chop, jerky pork belly drumstick ham. Tri-tip strip steak sirloin prosciutto pastrami. Corned beef venison tenderloin, biltong meatball pork tongue short ribs jowl cow hamburger strip steak. Doner turducken jerky short loin chuck filet mignon.	1	Bacon ipsum dolor sit <strong>strong amet capicola</strong> jerky pork chop rump shoulder shank. Shankle strip <a href="#">steak pig salami link</a>. Leberkas shoulder ham hock cow salami bacon <em>em pork pork</em> chop, jerky pork belly drumstick ham. Tri-tip strip steak sirloin prosciutto pastrami. Corned beef venison tenderloin, biltong meatball pork tongue short ribs jowl cow hamburger strip steak. Doner turducken jerky short loin chuck filet mignon.	1	<?xml version="1.0" encoding="utf-8" standalone="yes" ?>\
<T3FlexForms>\
    <data>\
        <sheet index="sGeneral">\
            <language index="lDEF">\
                <field index="t3editor_1">\
                    <value index="vDEF">Bacon ipsum dolor sit &lt;strong&gt;strong amet capicola&lt;/strong&gt; jerky pork chop rump shoulder shank. Shankle strip &lt;a href=&quot;#&quot;&gt;steak pig salami link&lt;/a&gt;. Leberkas shoulder ham hock cow salami bacon &lt;em&gt;em pork pork&lt;/em&gt; chop, jerky pork belly drumstick ham. Tri-tip strip steak sirloin prosciutto pastrami. Corned beef venison tenderloin, biltong meatball pork tongue short ribs jowl cow hamburger strip steak. Doner turducken jerky short loin chuck filet mignon.</value>\
                </field>\
            </language>\
        </sheet>\
        <sheet index="sSection">\
            <language index="lDEF">\
                <field index="section_1">\
                    <el index="el">\
                        <section index="1">\
                            <itemType index="container_1">\
                                <el>\
                                    <field index="t3editor_1">\
                                        <value index="vDEF">Bacon ipsum dolor sit &lt;strong&gt;strong amet capicola&lt;/strong&gt; jerky pork chop rump shoulder shank. Shankle strip &lt;a href=&quot;#&quot;&gt;steak pig salami link&lt;/a&gt;. Leberkas shoulder ham hock cow salami bacon &lt;em&gt;em pork pork&lt;/em&gt; chop, jerky pork belly drumstick ham. Tri-tip strip steak sirloin prosciutto pastrami. Corned beef venison tenderloin, biltong meatball pork tongue short ribs jowl cow hamburger strip steak. Doner turducken jerky short loin chuck filet mignon.</value>\
                                    </field>\
                                </el>\
                            </itemType>\
                        </section>\
                    </el>\
                </field>\
            </language>\
        </sheet>\
        <sheet index="sInline">\
            <language index="lDEF">\
                <field index="inline_1">\
                    <value index="vDEF">1</value>\
                </field>\
            </language>\
        </sheet>\
    </data>\
</T3FlexForms>	\N
